Date,Temperature,Wind_Speed,Humidity,Precipitation,City,Year,Month,Season
2015-01-01,11.3,10.0,50.0,0.0,Delhi,2015,1,Winter
2015-01-02,13.1,7.4,50.0,0.0,Delhi,2015,1,Winter
2015-01-03,11.8,10.6,50.0,0.0,Delhi,2015,1,Winter
2015-01-04,11.5,14.1,50.0,0.0,Delhi,2015,1,Winter
2015-01-05,10.1,7.1,50.0,0.0,Delhi,2015,1,Winter
2015-01-06,10.8,7.1,50.0,0.0,Delhi,2015,1,Winter
2015-01-07,12.5,14.3,50.0,0.0,Delhi,2015,1,Winter
2015-01-08,7.3,11.1,50.0,0.0,Delhi,2015,1,Winter
2015-01-09,9.3,6.1,50.0,0.0,Delhi,2015,1,Winter
2015-01-10,8.5,10.2,50.0,0.0,Delhi,2015,1,Winter
2015-01-11,10.8,6.1,50.0,0.0,Delhi,2015,1,Winter
2015-01-12,12.5,6.1,50.0,0.0,Delhi,2015,1,Winter
2015-01-13,8.8,9.0,50.0,0.0,Delhi,2015,1,Winter
2015-01-14,5.2,0.3,50.0,0.0,Delhi,2015,1,Winter
2015-01-15,9.2,1.1,50.0,0.0,Delhi,2015,1,Winter
2015-01-16,11.8,5.8,50.0,0.0,Delhi,2015,1,Winter
2015-01-17,11.1,3.9,50.0,0.0,Delhi,2015,1,Winter
2015-01-18,10.9,9.3,50.0,0.0,Delhi,2015,1,Winter
2015-01-19,9.4,4.4,50.0,0.0,Delhi,2015,1,Winter
2015-01-20,7.4,2.4,50.0,0.0,Delhi,2015,1,Winter
2015-01-21,11.0,13.9,50.0,0.0,Delhi,2015,1,Winter
2015-01-22,8.3,7.1,50.0,0.0,Delhi,2015,1,Winter
2015-01-23,14.4,8.3,50.0,0.0,Delhi,2015,1,Winter
2015-01-24,11.1,2.3,50.0,0.0,Delhi,2015,1,Winter
2015-01-25,8.8,5.8,50.0,0.0,Delhi,2015,1,Winter
2015-01-26,8.8,8.4,50.0,0.0,Delhi,2015,1,Winter
2015-01-27,9.8,3.4,50.0,0.0,Delhi,2015,1,Winter
2015-01-28,9.5,9.5,50.0,0.0,Delhi,2015,1,Winter
2015-01-29,12.2,5.6,50.0,0.0,Delhi,2015,1,Winter
2015-01-30,10.4,6.8,50.0,0.0,Delhi,2015,1,Winter
2015-01-31,8.5,5.6,50.0,0.0,Delhi,2015,1,Winter
2015-02-01,15.8,15.4,40.0,0.0,Delhi,2015,2,Winter
2015-02-02,12.1,7.9,40.0,0.0,Delhi,2015,2,Winter
2015-02-03,13.5,3.8,40.0,0.0,Delhi,2015,2,Winter
2015-02-04,10.8,11.3,40.0,0.0,Delhi,2015,2,Winter
2015-02-05,12.7,3.1,40.0,0.0,Delhi,2015,2,Winter
2015-02-06,12.6,8.8,40.0,0.0,Delhi,2015,2,Winter
2015-02-07,8.2,0.2,40.0,0.0,Delhi,2015,2,Winter
2015-02-08,16.0,2.7,40.0,0.0,Delhi,2015,2,Winter
2015-02-09,14.6,8.8,40.0,0.0,Delhi,2015,2,Winter
2015-02-10,11.2,11.0,40.0,0.0,Delhi,2015,2,Winter
2015-02-11,9.8,8.7,40.0,0.0,Delhi,2015,2,Winter
2015-02-12,12.7,7.5,40.0,0.0,Delhi,2015,2,Winter
2015-02-13,12.2,6.8,40.0,0.0,Delhi,2015,2,Winter
2015-02-14,12.7,2.1,40.0,0.0,Delhi,2015,2,Winter
2015-02-15,12.4,5.1,40.0,0.0,Delhi,2015,2,Winter
2015-02-16,13.0,6.2,40.0,0.0,Delhi,2015,2,Winter
2015-02-17,14.9,12.2,40.0,0.0,Delhi,2015,2,Winter
2015-02-18,13.1,9.4,40.0,0.0,Delhi,2015,2,Winter
2015-02-19,9.9,0.9,40.0,0.0,Delhi,2015,2,Winter
2015-02-20,14.7,9.3,40.0,0.0,Delhi,2015,2,Winter
2015-02-21,15.3,6.5,40.0,0.0,Delhi,2015,2,Winter
2015-02-22,18.3,5.3,40.0,0.0,Delhi,2015,2,Winter
2015-02-23,9.8,10.4,40.0,0.0,Delhi,2015,2,Winter
2015-02-24,12.5,12.1,40.0,0.0,Delhi,2015,2,Winter
2015-02-25,7.8,11.7,40.0,0.0,Delhi,2015,2,Winter
2015-02-26,13.1,4.6,40.0,0.0,Delhi,2015,2,Winter
2015-02-27,10.9,6.8,40.0,0.0,Delhi,2015,2,Winter
2015-02-28,15.9,9.3,40.0,0.0,Delhi,2015,2,Winter
2015-03-01,16.0,11.9,32.7,0.0,Delhi,2015,3,Spring
2015-03-02,14.1,6.1,32.7,0.0,Delhi,2015,3,Spring
2015-03-03,16.6,7.3,32.7,0.0,Delhi,2015,3,Spring
2015-03-04,13.5,3.6,32.7,0.0,Delhi,2015,3,Spring
2015-03-05,19.0,3.2,32.7,0.0,Delhi,2015,3,Spring
2015-03-06,13.4,11.3,32.7,0.0,Delhi,2015,3,Spring
2015-03-07,17.6,13.4,32.7,0.0,Delhi,2015,3,Spring
2015-03-08,13.3,7.7,32.7,0.0,Delhi,2015,3,Spring
2015-03-09,16.9,12.0,32.7,0.0,Delhi,2015,3,Spring
2015-03-10,20.8,9.4,32.7,0.0,Delhi,2015,3,Spring
2015-03-11,18.2,5.4,32.7,0.0,Delhi,2015,3,Spring
2015-03-12,15.8,9.4,32.7,0.0,Delhi,2015,3,Spring
2015-03-13,17.4,14.2,32.7,0.0,Delhi,2015,3,Spring
2015-03-14,17.5,7.9,32.7,0.0,Delhi,2015,3,Spring
2015-03-15,18.4,14.3,32.7,0.0,Delhi,2015,3,Spring
2015-03-16,14.8,0.0,32.7,0.0,Delhi,2015,3,Spring
2015-03-17,18.7,11.3,32.7,0.0,Delhi,2015,3,Spring
2015-03-18,12.1,8.3,32.7,0.0,Delhi,2015,3,Spring
2015-03-19,16.2,6.8,32.7,0.0,Delhi,2015,3,Spring
2015-03-20,16.5,8.4,32.7,0.0,Delhi,2015,3,Spring
2015-03-21,18.8,0.0,32.7,0.0,Delhi,2015,3,Spring
2015-03-22,17.5,7.1,32.7,0.0,Delhi,2015,3,Spring
2015-03-23,14.7,9.4,32.7,0.0,Delhi,2015,3,Spring
2015-03-24,15.5,13.9,32.7,0.0,Delhi,2015,3,Spring
2015-03-25,17.9,5.9,32.7,0.0,Delhi,2015,3,Spring
2015-03-26,17.3,4.8,32.7,0.0,Delhi,2015,3,Spring
2015-03-27,16.3,6.0,32.7,0.0,Delhi,2015,3,Spring
2015-03-28,16.5,11.7,32.7,0.0,Delhi,2015,3,Spring
2015-03-29,18.9,9.3,32.7,0.0,Delhi,2015,3,Spring
2015-03-30,16.5,5.9,32.7,0.0,Delhi,2015,3,Spring
2015-03-31,17.3,10.1,32.7,0.0,Delhi,2015,3,Spring
2015-04-01,29.3,8.4,30.0,0.0,Delhi,2015,4,Spring
2015-04-02,22.2,11.9,30.0,0.0,Delhi,2015,4,Spring
2015-04-03,21.3,5.2,30.0,0.0,Delhi,2015,4,Spring
2015-04-04,26.6,6.7,30.0,0.0,Delhi,2015,4,Spring
2015-04-05,23.6,6.4,30.0,0.0,Delhi,2015,4,Spring
2015-04-06,24.4,2.1,30.0,0.0,Delhi,2015,4,Spring
2015-04-07,23.4,9.2,30.0,0.0,Delhi,2015,4,Spring
2015-04-08,24.5,9.0,30.0,0.0,Delhi,2015,4,Spring
2015-04-09,28.2,8.0,30.0,0.0,Delhi,2015,4,Spring
2015-04-10,26.6,7.1,30.0,0.0,Delhi,2015,4,Spring
2015-04-11,26.7,2.3,30.0,0.0,Delhi,2015,4,Spring
2015-04-12,22.2,6.3,30.0,0.0,Delhi,2015,4,Spring
2015-04-13,22.7,6.6,30.0,0.0,Delhi,2015,4,Spring
2015-04-14,19.3,4.8,30.0,0.0,Delhi,2015,4,Spring
2015-04-15,23.4,7.4,30.0,0.0,Delhi,2015,4,Spring
2015-04-16,26.9,9.6,30.0,0.0,Delhi,2015,4,Spring
2015-04-17,26.0,15.5,30.0,0.0,Delhi,2015,4,Spring
2015-04-18,24.6,8.7,30.0,0.0,Delhi,2015,4,Spring
2015-04-19,25.0,9.0,30.0,0.0,Delhi,2015,4,Spring
2015-04-20,23.6,7.7,30.0,0.0,Delhi,2015,4,Spring
2015-04-21,25.4,0.3,30.0,0.0,Delhi,2015,4,Spring
2015-04-22,26.5,7.9,30.0,0.0,Delhi,2015,4,Spring
2015-04-23,21.8,8.2,30.0,0.0,Delhi,2015,4,Spring
2015-04-24,25.6,17.9,30.0,0.0,Delhi,2015,4,Spring
2015-04-25,26.9,7.2,30.0,0.0,Delhi,2015,4,Spring
2015-04-26,24.2,9.2,30.0,0.0,Delhi,2015,4,Spring
2015-04-27,26.4,7.9,30.0,0.0,Delhi,2015,4,Spring
2015-04-28,30.6,3.3,30.0,0.0,Delhi,2015,4,Spring
2015-04-29,24.8,12.6,30.0,0.0,Delhi,2015,4,Spring
2015-04-30,25.8,11.0,30.0,0.0,Delhi,2015,4,Spring
2015-05-01,31.0,11.2,32.7,0.0,Delhi,2015,5,Spring
2015-05-02,32.9,4.4,32.7,0.0,Delhi,2015,5,Spring
2015-05-03,33.4,13.6,32.7,0.0,Delhi,2015,5,Spring
2015-05-04,32.9,2.4,32.7,0.0,Delhi,2015,5,Spring
2015-05-05,30.5,10.3,32.7,0.0,Delhi,2015,5,Spring
2015-05-06,32.9,16.8,32.7,0.0,Delhi,2015,5,Spring
2015-05-07,35.4,4.0,32.7,0.0,Delhi,2015,5,Spring
2015-05-08,33.4,5.7,32.7,0.0,Delhi,2015,5,Spring
2015-05-09,34.4,8.4,32.7,0.0,Delhi,2015,5,Spring
2015-05-10,32.0,6.0,32.7,0.0,Delhi,2015,5,Spring
2015-05-11,34.0,1.8,32.7,0.0,Delhi,2015,5,Spring
2015-05-12,33.1,8.3,32.7,0.0,Delhi,2015,5,Spring
2015-05-13,30.6,3.8,32.7,0.0,Delhi,2015,5,Spring
2015-05-14,33.1,9.9,32.7,0.0,Delhi,2015,5,Spring
2015-05-15,30.5,4.3,32.7,0.0,Delhi,2015,5,Spring
2015-05-16,31.2,14.2,32.7,0.0,Delhi,2015,5,Spring
2015-05-17,32.9,4.9,32.7,0.0,Delhi,2015,5,Spring
2015-05-18,33.1,6.7,32.7,0.0,Delhi,2015,5,Spring
2015-05-19,30.1,11.3,32.7,0.0,Delhi,2015,5,Spring
2015-05-20,34.6,3.1,32.7,0.0,Delhi,2015,5,Spring
2015-05-21,33.6,8.9,32.7,0.0,Delhi,2015,5,Spring
2015-05-22,31.1,13.2,32.7,0.0,Delhi,2015,5,Spring
2015-05-23,29.4,1.6,32.7,0.0,Delhi,2015,5,Spring
2015-05-24,32.2,8.7,32.7,0.0,Delhi,2015,5,Spring
2015-05-25,31.6,9.0,32.7,0.0,Delhi,2015,5,Spring
2015-05-26,32.7,11.1,32.7,0.0,Delhi,2015,5,Spring
2015-05-27,31.8,3.1,32.7,0.0,Delhi,2015,5,Spring
2015-05-28,28.5,2.7,32.7,0.0,Delhi,2015,5,Spring
2015-05-29,31.7,10.1,32.7,0.0,Delhi,2015,5,Spring
2015-05-30,31.9,9.2,32.7,0.0,Delhi,2015,5,Spring
2015-05-31,33.8,9.0,32.7,0.0,Delhi,2015,5,Spring
2015-06-01,36.6,9.4,40.0,0.54,Delhi,2015,6,Monsoon
2015-06-02,41.3,5.3,40.0,3.61,Delhi,2015,6,Monsoon
2015-06-03,34.2,8.9,40.0,3.56,Delhi,2015,6,Monsoon
2015-06-04,40.6,9.2,40.0,2.3,Delhi,2015,6,Monsoon
2015-06-05,37.5,5.1,40.0,13.51,Delhi,2015,6,Monsoon
2015-06-06,39.7,15.5,40.0,8.79,Delhi,2015,6,Monsoon
2015-06-07,38.1,9.9,40.0,5.97,Delhi,2015,6,Monsoon
2015-06-08,40.3,3.2,40.0,6.26,Delhi,2015,6,Monsoon
2015-06-09,37.2,10.6,40.0,3.1,Delhi,2015,6,Monsoon
2015-06-10,35.8,4.1,40.0,12.69,Delhi,2015,6,Monsoon
2015-06-11,40.8,11.1,40.0,5.93,Delhi,2015,6,Monsoon
2015-06-12,37.8,12.6,40.0,6.53,Delhi,2015,6,Monsoon
2015-06-13,38.4,4.7,40.0,9.89,Delhi,2015,6,Monsoon
2015-06-14,40.5,11.9,40.0,1.6,Delhi,2015,6,Monsoon
2015-06-15,35.9,9.7,40.0,8.23,Delhi,2015,6,Monsoon
2015-06-16,39.2,11.3,40.0,1.09,Delhi,2015,6,Monsoon
2015-06-17,36.8,15.6,40.0,2.12,Delhi,2015,6,Monsoon
2015-06-18,37.7,7.0,40.0,2.04,Delhi,2015,6,Monsoon
2015-06-19,38.1,5.0,40.0,19.2,Delhi,2015,6,Monsoon
2015-06-20,35.0,4.4,40.0,9.71,Delhi,2015,6,Monsoon
2015-06-21,36.4,4.7,40.0,6.04,Delhi,2015,6,Monsoon
2015-06-22,40.7,7.7,40.0,6.49,Delhi,2015,6,Monsoon
2015-06-23,39.8,9.4,40.0,4.13,Delhi,2015,6,Monsoon
2015-06-24,37.9,9.1,40.0,14.7,Delhi,2015,6,Monsoon
2015-06-25,38.5,11.3,40.0,3.43,Delhi,2015,6,Monsoon
2015-06-26,37.4,8.1,40.0,2.39,Delhi,2015,6,Monsoon
2015-06-27,40.7,13.8,40.0,0.89,Delhi,2015,6,Monsoon
2015-06-28,37.6,6.9,40.0,7.71,Delhi,2015,6,Monsoon
2015-06-29,38.5,18.9,40.0,6.63,Delhi,2015,6,Monsoon
2015-06-30,40.3,10.5,40.0,2.43,Delhi,2015,6,Monsoon
2015-07-01,38.4,4.6,50.0,0.13,Delhi,2015,7,Monsoon
2015-07-02,43.1,3.7,50.0,9.13,Delhi,2015,7,Monsoon
2015-07-03,36.9,9.9,50.0,0.06,Delhi,2015,7,Monsoon
2015-07-04,43.3,7.1,50.0,6.08,Delhi,2015,7,Monsoon
2015-07-05,39.3,10.9,50.0,17.58,Delhi,2015,7,Monsoon
2015-07-06,39.5,9.9,50.0,2.88,Delhi,2015,7,Monsoon
2015-07-07,36.2,7.7,50.0,1.34,Delhi,2015,7,Monsoon
2015-07-08,39.1,4.6,50.0,6.1,Delhi,2015,7,Monsoon
2015-07-09,37.9,1.9,50.0,8.49,Delhi,2015,7,Monsoon
2015-07-10,38.8,6.2,50.0,3.95,Delhi,2015,7,Monsoon
2015-07-11,39.7,11.4,50.0,17.06,Delhi,2015,7,Monsoon
2015-07-12,41.9,8.9,50.0,0.27,Delhi,2015,7,Monsoon
2015-07-13,40.4,3.0,50.0,3.51,Delhi,2015,7,Monsoon
2015-07-14,40.6,8.7,50.0,6.34,Delhi,2015,7,Monsoon
2015-07-15,37.8,9.5,50.0,9.93,Delhi,2015,7,Monsoon
2015-07-16,38.2,4.5,50.0,0.99,Delhi,2015,7,Monsoon
2015-07-17,43.6,8.6,50.0,8.05,Delhi,2015,7,Monsoon
2015-07-18,38.5,8.2,50.0,4.02,Delhi,2015,7,Monsoon
2015-07-19,43.3,3.4,50.0,2.53,Delhi,2015,7,Monsoon
2015-07-20,39.5,9.4,50.0,0.71,Delhi,2015,7,Monsoon
2015-07-21,40.0,10.2,50.0,10.02,Delhi,2015,7,Monsoon
2015-07-22,42.1,12.3,50.0,0.86,Delhi,2015,7,Monsoon
2015-07-23,42.5,12.2,50.0,1.85,Delhi,2015,7,Monsoon
2015-07-24,39.8,2.5,50.0,1.71,Delhi,2015,7,Monsoon
2015-07-25,39.2,4.2,50.0,10.26,Delhi,2015,7,Monsoon
2015-07-26,39.9,10.1,50.0,5.58,Delhi,2015,7,Monsoon
2015-07-27,40.7,10.1,50.0,7.96,Delhi,2015,7,Monsoon
2015-07-28,41.8,10.1,50.0,1.44,Delhi,2015,7,Monsoon
2015-07-29,40.0,23.4,50.0,4.9,Delhi,2015,7,Monsoon
2015-07-30,41.2,10.3,50.0,4.24,Delhi,2015,7,Monsoon
2015-07-31,43.3,12.5,50.0,8.94,Delhi,2015,7,Monsoon
2015-08-01,38.8,11.8,60.0,11.83,Delhi,2015,8,Monsoon
2015-08-02,38.6,10.6,60.0,0.06,Delhi,2015,8,Monsoon
2015-08-03,35.0,6.7,60.0,5.6,Delhi,2015,8,Monsoon
2015-08-04,32.7,11.0,60.0,0.27,Delhi,2015,8,Monsoon
2015-08-05,38.8,4.9,60.0,3.98,Delhi,2015,8,Monsoon
2015-08-06,37.8,7.1,60.0,1.7,Delhi,2015,8,Monsoon
2015-08-07,37.0,6.1,60.0,1.83,Delhi,2015,8,Monsoon
2015-08-08,38.5,8.3,60.0,2.18,Delhi,2015,8,Monsoon
2015-08-09,37.9,17.3,60.0,4.85,Delhi,2015,8,Monsoon
2015-08-10,40.2,0.5,60.0,2.03,Delhi,2015,8,Monsoon
2015-08-11,38.2,10.7,60.0,6.6,Delhi,2015,8,Monsoon
2015-08-12,36.5,1.5,60.0,2.59,Delhi,2015,8,Monsoon
2015-08-13,40.0,6.1,60.0,0.35,Delhi,2015,8,Monsoon
2015-08-14,37.6,12.4,60.0,7.66,Delhi,2015,8,Monsoon
2015-08-15,39.0,8.3,60.0,1.68,Delhi,2015,8,Monsoon
2015-08-16,37.0,3.7,60.0,2.83,Delhi,2015,8,Monsoon
2015-08-17,36.7,5.1,60.0,5.78,Delhi,2015,8,Monsoon
2015-08-18,38.2,10.7,60.0,2.02,Delhi,2015,8,Monsoon
2015-08-19,38.0,5.1,60.0,0.29,Delhi,2015,8,Monsoon
2015-08-20,39.0,8.9,60.0,2.34,Delhi,2015,8,Monsoon
2015-08-21,37.5,8.2,60.0,14.45,Delhi,2015,8,Monsoon
2015-08-22,34.3,5.4,60.0,5.13,Delhi,2015,8,Monsoon
2015-08-23,37.1,16.6,60.0,5.57,Delhi,2015,8,Monsoon
2015-08-24,39.6,10.5,60.0,5.0,Delhi,2015,8,Monsoon
2015-08-25,37.4,0.0,60.0,1.11,Delhi,2015,8,Monsoon
2015-08-26,37.5,8.7,60.0,2.71,Delhi,2015,8,Monsoon
2015-08-27,40.0,5.4,60.0,6.95,Delhi,2015,8,Monsoon
2015-08-28,36.6,11.4,60.0,0.53,Delhi,2015,8,Monsoon
2015-08-29,34.9,4.8,60.0,1.63,Delhi,2015,8,Monsoon
2015-08-30,37.7,7.5,60.0,1.62,Delhi,2015,8,Monsoon
2015-08-31,37.0,10.0,60.0,2.83,Delhi,2015,8,Monsoon
2015-09-01,30.6,11.5,67.3,19.65,Delhi,2015,9,Monsoon
2015-09-02,32.1,3.2,67.3,0.35,Delhi,2015,9,Monsoon
2015-09-03,33.5,6.7,67.3,3.66,Delhi,2015,9,Monsoon
2015-09-04,32.5,6.1,67.3,0.99,Delhi,2015,9,Monsoon
2015-09-05,33.1,5.4,67.3,17.65,Delhi,2015,9,Monsoon
2015-09-06,36.1,15.1,67.3,0.6,Delhi,2015,9,Monsoon
2015-09-07,31.8,9.6,67.3,2.58,Delhi,2015,9,Monsoon
2015-09-08,33.1,3.0,67.3,6.69,Delhi,2015,9,Monsoon
2015-09-09,31.5,11.7,67.3,6.1,Delhi,2015,9,Monsoon
2015-09-10,30.8,16.5,67.3,2.75,Delhi,2015,9,Monsoon
2015-09-11,31.3,12.1,67.3,2.13,Delhi,2015,9,Monsoon
2015-09-12,31.5,1.9,67.3,2.53,Delhi,2015,9,Monsoon
2015-09-13,33.2,6.1,67.3,1.53,Delhi,2015,9,Monsoon
2015-09-14,37.2,13.1,67.3,1.15,Delhi,2015,9,Monsoon
2015-09-15,31.1,5.2,67.3,3.3,Delhi,2015,9,Monsoon
2015-09-16,31.7,9.8,67.3,1.56,Delhi,2015,9,Monsoon
2015-09-17,32.4,11.1,67.3,1.69,Delhi,2015,9,Monsoon
2015-09-18,33.3,4.3,67.3,5.35,Delhi,2015,9,Monsoon
2015-09-19,33.0,7.8,67.3,17.29,Delhi,2015,9,Monsoon
2015-09-20,35.1,0.0,67.3,4.63,Delhi,2015,9,Monsoon
2015-09-21,27.6,3.9,67.3,0.4,Delhi,2015,9,Monsoon
2015-09-22,27.7,7.0,67.3,0.39,Delhi,2015,9,Monsoon
2015-09-23,31.5,3.0,67.3,15.12,Delhi,2015,9,Monsoon
2015-09-24,34.7,14.5,67.3,1.76,Delhi,2015,9,Monsoon
2015-09-25,29.4,2.3,67.3,0.48,Delhi,2015,9,Monsoon
2015-09-26,26.5,6.2,67.3,4.57,Delhi,2015,9,Monsoon
2015-09-27,33.6,8.5,67.3,4.89,Delhi,2015,9,Monsoon
2015-09-28,33.0,13.8,67.3,5.23,Delhi,2015,9,Monsoon
2015-09-29,30.3,2.3,67.3,1.56,Delhi,2015,9,Monsoon
2015-09-30,30.5,12.7,67.3,0.08,Delhi,2015,9,Monsoon
2015-10-01,23.1,8.0,70.0,0.0,Delhi,2015,10,Post-Monsoon
2015-10-02,25.2,4.1,70.0,0.0,Delhi,2015,10,Post-Monsoon
2015-10-03,23.7,9.8,70.0,0.0,Delhi,2015,10,Post-Monsoon
2015-10-04,26.0,8.8,70.0,0.0,Delhi,2015,10,Post-Monsoon
2015-10-05,19.3,5.6,70.0,0.0,Delhi,2015,10,Post-Monsoon
2015-10-06,23.3,8.3,70.0,0.0,Delhi,2015,10,Post-Monsoon
2015-10-07,22.7,6.5,70.0,0.0,Delhi,2015,10,Post-Monsoon
2015-10-08,24.5,8.5,70.0,0.0,Delhi,2015,10,Post-Monsoon
2015-10-09,23.9,10.6,70.0,0.0,Delhi,2015,10,Post-Monsoon
2015-10-10,26.6,14.3,70.0,0.0,Delhi,2015,10,Post-Monsoon
2015-10-11,21.3,3.0,70.0,0.0,Delhi,2015,10,Post-Monsoon
2015-10-12,25.1,16.5,70.0,0.0,Delhi,2015,10,Post-Monsoon
2015-10-13,26.1,0.2,70.0,0.0,Delhi,2015,10,Post-Monsoon
2015-10-14,28.7,7.4,70.0,0.0,Delhi,2015,10,Post-Monsoon
2015-10-15,24.0,10.4,70.0,0.0,Delhi,2015,10,Post-Monsoon
2015-10-16,25.6,9.1,70.0,0.0,Delhi,2015,10,Post-Monsoon
2015-10-17,21.4,5.5,70.0,0.0,Delhi,2015,10,Post-Monsoon
2015-10-18,20.2,7.2,70.0,0.0,Delhi,2015,10,Post-Monsoon
2015-10-19,26.7,6.0,70.0,0.0,Delhi,2015,10,Post-Monsoon
2015-10-20,25.0,5.6,70.0,0.0,Delhi,2015,10,Post-Monsoon
2015-10-21,27.4,11.4,70.0,0.0,Delhi,2015,10,Post-Monsoon
2015-10-22,22.3,9.4,70.0,0.0,Delhi,2015,10,Post-Monsoon
2015-10-23,26.0,5.2,70.0,0.0,Delhi,2015,10,Post-Monsoon
2015-10-24,28.7,11.6,70.0,0.0,Delhi,2015,10,Post-Monsoon
2015-10-25,25.8,9.2,70.0,0.0,Delhi,2015,10,Post-Monsoon
2015-10-26,25.6,11.3,70.0,0.0,Delhi,2015,10,Post-Monsoon
2015-10-27,25.0,10.5,70.0,0.0,Delhi,2015,10,Post-Monsoon
2015-10-28,21.9,4.7,70.0,0.0,Delhi,2015,10,Post-Monsoon
2015-10-29,27.7,5.8,70.0,0.0,Delhi,2015,10,Post-Monsoon
2015-10-30,23.8,11.0,70.0,0.0,Delhi,2015,10,Post-Monsoon
2015-10-31,26.0,10.4,70.0,0.0,Delhi,2015,10,Post-Monsoon
2015-11-01,14.4,7.9,67.3,0.0,Delhi,2015,11,Post-Monsoon
2015-11-02,15.1,8.5,67.3,0.0,Delhi,2015,11,Post-Monsoon
2015-11-03,20.4,13.1,67.3,0.0,Delhi,2015,11,Post-Monsoon
2015-11-04,16.8,5.6,67.3,0.0,Delhi,2015,11,Post-Monsoon
2015-11-05,20.4,10.2,67.3,0.0,Delhi,2015,11,Post-Monsoon
2015-11-06,17.3,7.2,67.3,0.0,Delhi,2015,11,Post-Monsoon
2015-11-07,13.8,7.1,67.3,0.0,Delhi,2015,11,Post-Monsoon
2015-11-08,19.3,12.4,67.3,0.0,Delhi,2015,11,Post-Monsoon
2015-11-09,16.3,11.3,67.3,0.0,Delhi,2015,11,Post-Monsoon
2015-11-10,18.9,11.3,67.3,0.0,Delhi,2015,11,Post-Monsoon
2015-11-11,17.6,13.2,67.3,0.0,Delhi,2015,11,Post-Monsoon
2015-11-12,14.4,8.1,67.3,0.0,Delhi,2015,11,Post-Monsoon
2015-11-13,17.8,10.7,67.3,0.0,Delhi,2015,11,Post-Monsoon
2015-11-14,21.9,6.8,67.3,0.0,Delhi,2015,11,Post-Monsoon
2015-11-15,18.5,9.3,67.3,0.0,Delhi,2015,11,Post-Monsoon
2015-11-16,17.4,7.5,67.3,0.0,Delhi,2015,11,Post-Monsoon
2015-11-17,19.7,8.4,67.3,0.0,Delhi,2015,11,Post-Monsoon
2015-11-18,17.9,10.4,67.3,0.0,Delhi,2015,11,Post-Monsoon
2015-11-19,17.9,4.7,67.3,0.0,Delhi,2015,11,Post-Monsoon
2015-11-20,15.3,16.4,67.3,0.0,Delhi,2015,11,Post-Monsoon
2015-11-21,18.0,4.0,67.3,0.0,Delhi,2015,11,Post-Monsoon
2015-11-22,19.6,3.1,67.3,0.0,Delhi,2015,11,Post-Monsoon
2015-11-23,15.8,12.6,67.3,0.0,Delhi,2015,11,Post-Monsoon
2015-11-24,20.3,11.2,67.3,0.0,Delhi,2015,11,Post-Monsoon
2015-11-25,17.3,10.5,67.3,0.0,Delhi,2015,11,Post-Monsoon
2015-11-26,15.7,10.5,67.3,0.0,Delhi,2015,11,Post-Monsoon
2015-11-27,19.5,8.0,67.3,0.0,Delhi,2015,11,Post-Monsoon
2015-11-28,16.9,4.4,67.3,0.0,Delhi,2015,11,Post-Monsoon
2015-11-29,19.0,8.3,67.3,0.0,Delhi,2015,11,Post-Monsoon
2015-11-30,16.9,5.3,67.3,0.0,Delhi,2015,11,Post-Monsoon
2015-12-01,11.9,11.9,60.0,0.0,Delhi,2015,12,Winter
2015-12-02,13.0,7.4,60.0,0.0,Delhi,2015,12,Winter
2015-12-03,12.6,4.7,60.0,0.0,Delhi,2015,12,Winter
2015-12-04,8.0,6.7,60.0,0.0,Delhi,2015,12,Winter
2015-12-05,9.8,9.7,60.0,0.0,Delhi,2015,12,Winter
2015-12-06,13.9,5.7,60.0,0.0,Delhi,2015,12,Winter
2015-12-07,11.7,4.7,60.0,0.0,Delhi,2015,12,Winter
2015-12-08,11.0,9.0,60.0,0.0,Delhi,2015,12,Winter
2015-12-09,9.3,9.0,60.0,0.0,Delhi,2015,12,Winter
2015-12-10,9.9,6.0,60.0,0.0,Delhi,2015,12,Winter
2015-12-11,8.0,6.1,60.0,0.0,Delhi,2015,12,Winter
2015-12-12,11.8,8.9,60.0,0.0,Delhi,2015,12,Winter
2015-12-13,10.8,2.2,60.0,0.0,Delhi,2015,12,Winter
2015-12-14,10.1,2.4,60.0,0.0,Delhi,2015,12,Winter
2015-12-15,11.9,5.1,60.0,0.0,Delhi,2015,12,Winter
2015-12-16,12.7,7.1,60.0,0.0,Delhi,2015,12,Winter
2015-12-17,16.2,9.2,60.0,0.0,Delhi,2015,12,Winter
2015-12-18,9.0,13.9,60.0,0.0,Delhi,2015,12,Winter
2015-12-19,14.3,11.4,60.0,0.0,Delhi,2015,12,Winter
2015-12-20,14.0,7.4,60.0,0.0,Delhi,2015,12,Winter
2015-12-21,10.5,7.9,60.0,0.0,Delhi,2015,12,Winter
2015-12-22,12.4,4.0,60.0,0.0,Delhi,2015,12,Winter
2015-12-23,11.1,7.9,60.0,0.0,Delhi,2015,12,Winter
2015-12-24,12.4,6.8,60.0,0.0,Delhi,2015,12,Winter
2015-12-25,15.0,9.3,60.0,0.0,Delhi,2015,12,Winter
2015-12-26,13.2,4.7,60.0,0.0,Delhi,2015,12,Winter
2015-12-27,13.0,10.1,60.0,0.0,Delhi,2015,12,Winter
2015-12-28,11.1,14.1,60.0,0.0,Delhi,2015,12,Winter
2015-12-29,9.0,7.6,60.0,0.0,Delhi,2015,12,Winter
2015-12-30,11.6,9.6,60.0,0.0,Delhi,2015,12,Winter
2015-12-31,14.4,10.8,60.0,0.0,Delhi,2015,12,Winter
2016-01-01,6.9,6.4,50.0,0.0,Delhi,2016,1,Winter
2016-01-02,7.9,8.9,50.0,0.0,Delhi,2016,1,Winter
2016-01-03,10.3,8.1,50.0,0.0,Delhi,2016,1,Winter
2016-01-04,8.0,8.4,50.0,0.0,Delhi,2016,1,Winter
2016-01-05,8.4,4.9,50.0,0.0,Delhi,2016,1,Winter
2016-01-06,9.2,8.1,50.0,0.0,Delhi,2016,1,Winter
2016-01-07,7.3,10.0,50.0,0.0,Delhi,2016,1,Winter
2016-01-08,8.1,13.8,50.0,0.0,Delhi,2016,1,Winter
2016-01-09,11.4,11.8,50.0,0.0,Delhi,2016,1,Winter
2016-01-10,7.4,16.6,50.0,0.0,Delhi,2016,1,Winter
2016-01-11,6.8,4.9,50.0,0.0,Delhi,2016,1,Winter
2016-01-12,8.7,11.5,50.0,0.0,Delhi,2016,1,Winter
2016-01-13,11.5,8.7,50.0,0.0,Delhi,2016,1,Winter
2016-01-14,9.6,16.8,50.0,0.0,Delhi,2016,1,Winter
2016-01-15,9.1,4.8,50.0,0.0,Delhi,2016,1,Winter
2016-01-16,10.1,4.6,50.0,0.0,Delhi,2016,1,Winter
2016-01-17,6.5,5.6,50.0,0.0,Delhi,2016,1,Winter
2016-01-18,11.0,0.0,50.0,0.0,Delhi,2016,1,Winter
2016-01-19,10.8,5.9,50.0,0.0,Delhi,2016,1,Winter
2016-01-20,9.2,5.0,50.0,0.0,Delhi,2016,1,Winter
2016-01-21,12.0,8.6,50.0,0.0,Delhi,2016,1,Winter
2016-01-22,7.7,9.4,50.0,0.0,Delhi,2016,1,Winter
2016-01-23,12.3,15.5,50.0,0.0,Delhi,2016,1,Winter
2016-01-24,10.3,11.8,50.0,0.0,Delhi,2016,1,Winter
2016-01-25,9.3,5.7,50.0,0.0,Delhi,2016,1,Winter
2016-01-26,10.0,4.4,50.0,0.0,Delhi,2016,1,Winter
2016-01-27,9.8,10.0,50.0,0.0,Delhi,2016,1,Winter
2016-01-28,12.4,2.7,50.0,0.0,Delhi,2016,1,Winter
2016-01-29,7.8,15.3,50.0,0.0,Delhi,2016,1,Winter
2016-01-30,8.5,12.7,50.0,0.0,Delhi,2016,1,Winter
2016-01-31,12.1,6.1,50.0,0.0,Delhi,2016,1,Winter
2016-02-01,10.8,1.1,40.0,0.0,Delhi,2016,2,Winter
2016-02-02,13.8,13.4,40.0,0.0,Delhi,2016,2,Winter
2016-02-03,15.4,7.5,40.0,0.0,Delhi,2016,2,Winter
2016-02-04,11.2,13.0,40.0,0.0,Delhi,2016,2,Winter
2016-02-05,13.4,1.6,40.0,0.0,Delhi,2016,2,Winter
2016-02-06,9.7,5.6,40.0,0.0,Delhi,2016,2,Winter
2016-02-07,13.5,8.0,40.0,0.0,Delhi,2016,2,Winter
2016-02-08,12.4,8.2,40.0,0.0,Delhi,2016,2,Winter
2016-02-09,13.0,6.2,40.0,0.0,Delhi,2016,2,Winter
2016-02-10,10.7,10.5,40.0,0.0,Delhi,2016,2,Winter
2016-02-11,8.7,3.7,40.0,0.0,Delhi,2016,2,Winter
2016-02-12,13.0,7.4,40.0,0.0,Delhi,2016,2,Winter
2016-02-13,7.9,8.5,40.0,0.0,Delhi,2016,2,Winter
2016-02-14,11.4,10.1,40.0,0.0,Delhi,2016,2,Winter
2016-02-15,13.9,10.8,40.0,0.0,Delhi,2016,2,Winter
2016-02-16,12.4,3.5,40.0,0.0,Delhi,2016,2,Winter
2016-02-17,15.9,1.9,40.0,0.0,Delhi,2016,2,Winter
2016-02-18,14.1,13.1,40.0,0.0,Delhi,2016,2,Winter
2016-02-19,10.7,9.3,40.0,0.0,Delhi,2016,2,Winter
2016-02-20,12.1,5.0,40.0,0.0,Delhi,2016,2,Winter
2016-02-21,11.9,14.2,40.0,0.0,Delhi,2016,2,Winter
2016-02-22,8.8,8.5,40.0,0.0,Delhi,2016,2,Winter
2016-02-23,10.1,12.7,40.0,0.0,Delhi,2016,2,Winter
2016-02-24,10.9,8.3,40.0,0.0,Delhi,2016,2,Winter
2016-02-25,7.9,16.2,40.0,0.0,Delhi,2016,2,Winter
2016-02-26,12.1,15.0,40.0,0.0,Delhi,2016,2,Winter
2016-02-27,11.5,7.0,40.0,0.0,Delhi,2016,2,Winter
2016-02-28,8.7,11.9,40.0,0.0,Delhi,2016,2,Winter
2016-02-29,12.8,10.6,40.0,0.0,Delhi,2016,2,Winter
2016-03-01,18.9,13.5,32.7,0.0,Delhi,2016,3,Spring
2016-03-02,18.0,4.1,32.7,0.0,Delhi,2016,3,Spring
2016-03-03,16.9,10.7,32.7,0.0,Delhi,2016,3,Spring
2016-03-04,18.7,12.2,32.7,0.0,Delhi,2016,3,Spring
2016-03-05,18.9,1.0,32.7,0.0,Delhi,2016,3,Spring
2016-03-06,18.1,3.3,32.7,0.0,Delhi,2016,3,Spring
2016-03-07,15.9,0.0,32.7,0.0,Delhi,2016,3,Spring
2016-03-08,18.1,6.9,32.7,0.0,Delhi,2016,3,Spring
2016-03-09,19.9,10.9,32.7,0.0,Delhi,2016,3,Spring
2016-03-10,16.3,14.0,32.7,0.0,Delhi,2016,3,Spring
2016-03-11,21.7,8.3,32.7,0.0,Delhi,2016,3,Spring
2016-03-12,16.4,14.5,32.7,0.0,Delhi,2016,3,Spring
2016-03-13,17.6,2.5,32.7,0.0,Delhi,2016,3,Spring
2016-03-14,16.2,1.2,32.7,0.0,Delhi,2016,3,Spring
2016-03-15,17.9,7.8,32.7,0.0,Delhi,2016,3,Spring
2016-03-16,14.0,9.5,32.7,0.0,Delhi,2016,3,Spring
2016-03-17,16.4,7.9,32.7,0.0,Delhi,2016,3,Spring
2016-03-18,15.3,0.0,32.7,0.0,Delhi,2016,3,Spring
2016-03-19,17.8,7.6,32.7,0.0,Delhi,2016,3,Spring
2016-03-20,19.5,2.8,32.7,0.0,Delhi,2016,3,Spring
2016-03-21,18.8,10.7,32.7,0.0,Delhi,2016,3,Spring
2016-03-22,12.8,9.5,32.7,0.0,Delhi,2016,3,Spring
2016-03-23,21.6,4.2,32.7,0.0,Delhi,2016,3,Spring
2016-03-24,18.1,5.9,32.7,0.0,Delhi,2016,3,Spring
2016-03-25,15.9,3.8,32.7,0.0,Delhi,2016,3,Spring
2016-03-26,17.8,7.7,32.7,0.0,Delhi,2016,3,Spring
2016-03-27,17.9,11.8,32.7,0.0,Delhi,2016,3,Spring
2016-03-28,16.2,4.1,32.7,0.0,Delhi,2016,3,Spring
2016-03-29,17.9,10.0,32.7,0.0,Delhi,2016,3,Spring
2016-03-30,16.3,5.9,32.7,0.0,Delhi,2016,3,Spring
2016-03-31,16.7,4.8,32.7,0.0,Delhi,2016,3,Spring
2016-04-01,23.6,7.6,30.0,0.0,Delhi,2016,4,Spring
2016-04-02,22.1,3.9,30.0,0.0,Delhi,2016,4,Spring
2016-04-03,25.3,5.8,30.0,0.0,Delhi,2016,4,Spring
2016-04-04,26.2,3.2,30.0,0.0,Delhi,2016,4,Spring
2016-04-05,26.0,15.9,30.0,0.0,Delhi,2016,4,Spring
2016-04-06,26.6,8.1,30.0,0.0,Delhi,2016,4,Spring
2016-04-07,25.6,5.2,30.0,0.0,Delhi,2016,4,Spring
2016-04-08,23.9,8.9,30.0,0.0,Delhi,2016,4,Spring
2016-04-09,26.7,7.6,30.0,0.0,Delhi,2016,4,Spring
2016-04-10,22.3,7.1,30.0,0.0,Delhi,2016,4,Spring
2016-04-11,23.2,10.5,30.0,0.0,Delhi,2016,4,Spring
2016-04-12,23.1,11.0,30.0,0.0,Delhi,2016,4,Spring
2016-04-13,27.2,5.9,30.0,0.0,Delhi,2016,4,Spring
2016-04-14,26.9,5.7,30.0,0.0,Delhi,2016,4,Spring
2016-04-15,26.0,6.9,30.0,0.0,Delhi,2016,4,Spring
2016-04-16,27.1,0.0,30.0,0.0,Delhi,2016,4,Spring
2016-04-17,23.2,1.9,30.0,0.0,Delhi,2016,4,Spring
2016-04-18,25.7,13.5,30.0,0.0,Delhi,2016,4,Spring
2016-04-19,24.7,14.6,30.0,0.0,Delhi,2016,4,Spring
2016-04-20,26.7,7.0,30.0,0.0,Delhi,2016,4,Spring
2016-04-21,24.8,10.3,30.0,0.0,Delhi,2016,4,Spring
2016-04-22,24.2,9.2,30.0,0.0,Delhi,2016,4,Spring
2016-04-23,26.1,20.3,30.0,0.0,Delhi,2016,4,Spring
2016-04-24,26.8,12.5,30.0,0.0,Delhi,2016,4,Spring
2016-04-25,23.7,7.5,30.0,0.0,Delhi,2016,4,Spring
2016-04-26,24.9,4.2,30.0,0.0,Delhi,2016,4,Spring
2016-04-27,22.9,1.6,30.0,0.0,Delhi,2016,4,Spring
2016-04-28,20.0,8.8,30.0,0.0,Delhi,2016,4,Spring
2016-04-29,25.4,5.0,30.0,0.0,Delhi,2016,4,Spring
2016-04-30,26.2,2.3,30.0,0.0,Delhi,2016,4,Spring
2016-05-01,33.0,5.4,32.7,0.0,Delhi,2016,5,Spring
2016-05-02,28.6,3.7,32.7,0.0,Delhi,2016,5,Spring
2016-05-03,31.8,14.7,32.7,0.0,Delhi,2016,5,Spring
2016-05-04,28.1,11.5,32.7,0.0,Delhi,2016,5,Spring
2016-05-05,35.2,8.0,32.7,0.0,Delhi,2016,5,Spring
2016-05-06,30.3,13.9,32.7,0.0,Delhi,2016,5,Spring
2016-05-07,35.0,8.3,32.7,0.0,Delhi,2016,5,Spring
2016-05-08,34.4,4.6,32.7,0.0,Delhi,2016,5,Spring
2016-05-09,30.7,14.1,32.7,0.0,Delhi,2016,5,Spring
2016-05-10,30.2,10.2,32.7,0.0,Delhi,2016,5,Spring
2016-05-11,33.2,3.9,32.7,0.0,Delhi,2016,5,Spring
2016-05-12,30.8,7.2,32.7,0.0,Delhi,2016,5,Spring
2016-05-13,32.7,4.5,32.7,0.0,Delhi,2016,5,Spring
2016-05-14,31.5,2.5,32.7,0.0,Delhi,2016,5,Spring
2016-05-15,28.9,11.7,32.7,0.0,Delhi,2016,5,Spring
2016-05-16,28.0,15.6,32.7,0.0,Delhi,2016,5,Spring
2016-05-17,33.0,2.4,32.7,0.0,Delhi,2016,5,Spring
2016-05-18,31.4,10.3,32.7,0.0,Delhi,2016,5,Spring
2016-05-19,31.4,5.4,32.7,0.0,Delhi,2016,5,Spring
2016-05-20,33.9,6.1,32.7,0.0,Delhi,2016,5,Spring
2016-05-21,34.8,5.6,32.7,0.0,Delhi,2016,5,Spring
2016-05-22,32.0,4.5,32.7,0.0,Delhi,2016,5,Spring
2016-05-23,31.8,8.2,32.7,0.0,Delhi,2016,5,Spring
2016-05-24,33.5,4.7,32.7,0.0,Delhi,2016,5,Spring
2016-05-25,29.8,9.1,32.7,0.0,Delhi,2016,5,Spring
2016-05-26,32.9,7.8,32.7,0.0,Delhi,2016,5,Spring
2016-05-27,33.6,7.0,32.7,0.0,Delhi,2016,5,Spring
2016-05-28,33.9,4.4,32.7,0.0,Delhi,2016,5,Spring
2016-05-29,28.6,5.7,32.7,0.0,Delhi,2016,5,Spring
2016-05-30,31.0,11.0,32.7,0.0,Delhi,2016,5,Spring
2016-05-31,30.7,10.0,32.7,0.0,Delhi,2016,5,Spring
2016-06-01,38.2,4.1,40.0,5.35,Delhi,2016,6,Monsoon
2016-06-02,39.0,8.4,40.0,6.17,Delhi,2016,6,Monsoon
2016-06-03,41.0,11.0,40.0,0.04,Delhi,2016,6,Monsoon
2016-06-04,37.0,1.3,40.0,1.23,Delhi,2016,6,Monsoon
2016-06-05,37.0,10.2,40.0,5.42,Delhi,2016,6,Monsoon
2016-06-06,40.3,5.3,40.0,3.31,Delhi,2016,6,Monsoon
2016-06-07,38.6,10.3,40.0,0.03,Delhi,2016,6,Monsoon
2016-06-08,40.5,4.9,40.0,8.16,Delhi,2016,6,Monsoon
2016-06-09,38.6,0.8,40.0,7.41,Delhi,2016,6,Monsoon
2016-06-10,35.7,1.5,40.0,3.98,Delhi,2016,6,Monsoon
2016-06-11,35.3,8.2,40.0,0.34,Delhi,2016,6,Monsoon
2016-06-12,34.9,9.0,40.0,7.27,Delhi,2016,6,Monsoon
2016-06-13,39.3,4.4,40.0,4.38,Delhi,2016,6,Monsoon
2016-06-14,40.4,10.6,40.0,7.62,Delhi,2016,6,Monsoon
2016-06-15,41.7,1.4,40.0,6.97,Delhi,2016,6,Monsoon
2016-06-16,39.7,7.7,40.0,8.12,Delhi,2016,6,Monsoon
2016-06-17,40.3,3.2,40.0,3.65,Delhi,2016,6,Monsoon
2016-06-18,36.8,5.4,40.0,0.76,Delhi,2016,6,Monsoon
2016-06-19,35.7,8.2,40.0,5.56,Delhi,2016,6,Monsoon
2016-06-20,39.7,4.6,40.0,4.84,Delhi,2016,6,Monsoon
2016-06-21,38.8,6.5,40.0,6.78,Delhi,2016,6,Monsoon
2016-06-22,38.2,12.0,40.0,0.93,Delhi,2016,6,Monsoon
2016-06-23,38.8,5.7,40.0,1.08,Delhi,2016,6,Monsoon
2016-06-24,38.6,11.3,40.0,11.06,Delhi,2016,6,Monsoon
2016-06-25,40.6,3.5,40.0,6.93,Delhi,2016,6,Monsoon
2016-06-26,40.6,10.1,40.0,11.94,Delhi,2016,6,Monsoon
2016-06-27,39.1,13.8,40.0,7.11,Delhi,2016,6,Monsoon
2016-06-28,39.7,0.0,40.0,4.55,Delhi,2016,6,Monsoon
2016-06-29,39.0,4.8,40.0,5.31,Delhi,2016,6,Monsoon
2016-06-30,37.1,10.3,40.0,11.0,Delhi,2016,6,Monsoon
2016-07-01,41.5,7.2,50.0,4.32,Delhi,2016,7,Monsoon
2016-07-02,37.2,9.5,50.0,5.0,Delhi,2016,7,Monsoon
2016-07-03,42.1,5.6,50.0,0.85,Delhi,2016,7,Monsoon
2016-07-04,37.6,8.3,50.0,3.21,Delhi,2016,7,Monsoon
2016-07-05,40.6,7.4,50.0,6.3,Delhi,2016,7,Monsoon
2016-07-06,38.3,12.7,50.0,1.58,Delhi,2016,7,Monsoon
2016-07-07,41.1,9.0,50.0,1.13,Delhi,2016,7,Monsoon
2016-07-08,39.9,9.4,50.0,1.88,Delhi,2016,7,Monsoon
2016-07-09,36.8,6.4,50.0,1.38,Delhi,2016,7,Monsoon
2016-07-10,40.8,6.0,50.0,1.21,Delhi,2016,7,Monsoon
2016-07-11,38.8,6.3,50.0,2.77,Delhi,2016,7,Monsoon
2016-07-12,41.8,9.6,50.0,11.92,Delhi,2016,7,Monsoon
2016-07-13,40.0,6.3,50.0,3.54,Delhi,2016,7,Monsoon
2016-07-14,40.8,9.2,50.0,1.04,Delhi,2016,7,Monsoon
2016-07-15,38.1,16.3,50.0,0.4,Delhi,2016,7,Monsoon
2016-07-16,38.8,11.5,50.0,5.96,Delhi,2016,7,Monsoon
2016-07-17,39.1,6.7,50.0,2.41,Delhi,2016,7,Monsoon
2016-07-18,41.7,12.8,50.0,8.63,Delhi,2016,7,Monsoon
2016-07-19,43.4,6.4,50.0,5.39,Delhi,2016,7,Monsoon
2016-07-20,38.4,0.0,50.0,7.95,Delhi,2016,7,Monsoon
2016-07-21,42.2,4.0,50.0,1.59,Delhi,2016,7,Monsoon
2016-07-22,35.7,0.5,50.0,5.89,Delhi,2016,7,Monsoon
2016-07-23,37.6,6.6,50.0,1.53,Delhi,2016,7,Monsoon
2016-07-24,38.1,8.1,50.0,13.99,Delhi,2016,7,Monsoon
2016-07-25,37.3,14.7,50.0,5.06,Delhi,2016,7,Monsoon
2016-07-26,36.8,9.3,50.0,1.96,Delhi,2016,7,Monsoon
2016-07-27,40.8,7.1,50.0,1.57,Delhi,2016,7,Monsoon
2016-07-28,39.6,11.3,50.0,1.06,Delhi,2016,7,Monsoon
2016-07-29,40.8,0.0,50.0,5.93,Delhi,2016,7,Monsoon
2016-07-30,41.4,8.9,50.0,1.23,Delhi,2016,7,Monsoon
2016-07-31,40.5,11.1,50.0,4.52,Delhi,2016,7,Monsoon
2016-08-01,39.3,2.1,60.0,1.54,Delhi,2016,8,Monsoon
2016-08-02,37.9,12.6,60.0,5.42,Delhi,2016,8,Monsoon
2016-08-03,35.6,9.4,60.0,8.44,Delhi,2016,8,Monsoon
2016-08-04,40.1,6.3,60.0,7.53,Delhi,2016,8,Monsoon
2016-08-05,36.8,10.5,60.0,7.15,Delhi,2016,8,Monsoon
2016-08-06,36.1,17.1,60.0,1.04,Delhi,2016,8,Monsoon
2016-08-07,37.6,8.7,60.0,0.46,Delhi,2016,8,Monsoon
2016-08-08,36.2,9.0,60.0,6.0,Delhi,2016,8,Monsoon
2016-08-09,37.2,6.2,60.0,2.3,Delhi,2016,8,Monsoon
2016-08-10,38.7,4.6,60.0,2.83,Delhi,2016,8,Monsoon
2016-08-11,38.7,11.3,60.0,0.16,Delhi,2016,8,Monsoon
2016-08-12,36.2,4.6,60.0,1.5,Delhi,2016,8,Monsoon
2016-08-13,37.0,8.3,60.0,0.17,Delhi,2016,8,Monsoon
2016-08-14,40.1,6.1,60.0,10.57,Delhi,2016,8,Monsoon
2016-08-15,39.0,9.9,60.0,1.39,Delhi,2016,8,Monsoon
2016-08-16,42.1,9.3,60.0,4.07,Delhi,2016,8,Monsoon
2016-08-17,40.4,12.2,60.0,0.2,Delhi,2016,8,Monsoon
2016-08-18,40.3,6.0,60.0,5.5,Delhi,2016,8,Monsoon
2016-08-19,35.2,6.9,60.0,1.95,Delhi,2016,8,Monsoon
2016-08-20,39.5,4.1,60.0,11.41,Delhi,2016,8,Monsoon
2016-08-21,37.9,6.2,60.0,10.95,Delhi,2016,8,Monsoon
2016-08-22,36.9,9.5,60.0,1.97,Delhi,2016,8,Monsoon
2016-08-23,38.3,11.0,60.0,11.56,Delhi,2016,8,Monsoon
2016-08-24,39.9,4.3,60.0,27.81,Delhi,2016,8,Monsoon
2016-08-25,39.0,11.5,60.0,8.73,Delhi,2016,8,Monsoon
2016-08-26,36.2,13.4,60.0,9.32,Delhi,2016,8,Monsoon
2016-08-27,39.5,9.7,60.0,1.43,Delhi,2016,8,Monsoon
2016-08-28,36.7,15.5,60.0,4.3,Delhi,2016,8,Monsoon
2016-08-29,38.4,4.9,60.0,0.35,Delhi,2016,8,Monsoon
2016-08-30,37.4,3.0,60.0,0.5,Delhi,2016,8,Monsoon
2016-08-31,37.6,0.9,60.0,34.03,Delhi,2016,8,Monsoon
2016-09-01,34.0,14.0,67.3,1.98,Delhi,2016,9,Monsoon
2016-09-02,30.4,10.6,67.3,6.9,Delhi,2016,9,Monsoon
2016-09-03,36.4,7.8,67.3,8.22,Delhi,2016,9,Monsoon
2016-09-04,28.9,9.1,67.3,9.76,Delhi,2016,9,Monsoon
2016-09-05,31.3,3.5,67.3,30.22,Delhi,2016,9,Monsoon
2016-09-06,33.2,17.8,67.3,1.38,Delhi,2016,9,Monsoon
2016-09-07,33.7,8.5,67.3,0.21,Delhi,2016,9,Monsoon
2016-09-08,32.3,8.4,67.3,2.65,Delhi,2016,9,Monsoon
2016-09-09,32.4,10.9,67.3,0.7,Delhi,2016,9,Monsoon
2016-09-10,33.3,9.9,67.3,0.11,Delhi,2016,9,Monsoon
2016-09-11,32.0,8.9,67.3,2.23,Delhi,2016,9,Monsoon
2016-09-12,35.3,4.8,67.3,7.66,Delhi,2016,9,Monsoon
2016-09-13,34.2,9.9,67.3,4.18,Delhi,2016,9,Monsoon
2016-09-14,34.2,15.5,67.3,1.88,Delhi,2016,9,Monsoon
2016-09-15,30.6,13.4,67.3,5.31,Delhi,2016,9,Monsoon
2016-09-16,32.3,14.4,67.3,1.32,Delhi,2016,9,Monsoon
2016-09-17,31.9,6.0,67.3,0.07,Delhi,2016,9,Monsoon
2016-09-18,30.5,4.0,67.3,7.23,Delhi,2016,9,Monsoon
2016-09-19,33.2,7.5,67.3,4.89,Delhi,2016,9,Monsoon
2016-09-20,31.4,8.2,67.3,7.18,Delhi,2016,9,Monsoon
2016-09-21,33.8,12.4,67.3,0.2,Delhi,2016,9,Monsoon
2016-09-22,30.4,1.2,67.3,9.07,Delhi,2016,9,Monsoon
2016-09-23,35.9,14.1,67.3,4.83,Delhi,2016,9,Monsoon
2016-09-24,30.7,7.4,67.3,4.14,Delhi,2016,9,Monsoon
2016-09-25,32.9,6.3,67.3,4.9,Delhi,2016,9,Monsoon
2016-09-26,34.1,4.0,67.3,9.99,Delhi,2016,9,Monsoon
2016-09-27,31.4,1.4,67.3,4.42,Delhi,2016,9,Monsoon
2016-09-28,34.2,11.3,67.3,4.35,Delhi,2016,9,Monsoon
2016-09-29,30.0,8.3,67.3,23.38,Delhi,2016,9,Monsoon
2016-09-30,35.4,2.8,67.3,7.07,Delhi,2016,9,Monsoon
2016-10-01,25.0,2.8,70.0,0.0,Delhi,2016,10,Post-Monsoon
2016-10-02,23.8,6.7,70.0,0.0,Delhi,2016,10,Post-Monsoon
2016-10-03,24.4,14.7,70.0,0.0,Delhi,2016,10,Post-Monsoon
2016-10-04,26.6,7.0,70.0,0.0,Delhi,2016,10,Post-Monsoon
2016-10-05,23.8,2.0,70.0,0.0,Delhi,2016,10,Post-Monsoon
2016-10-06,23.5,7.0,70.0,0.0,Delhi,2016,10,Post-Monsoon
2016-10-07,24.6,6.9,70.0,0.0,Delhi,2016,10,Post-Monsoon
2016-10-08,22.6,0.0,70.0,0.0,Delhi,2016,10,Post-Monsoon
2016-10-09,28.6,7.8,70.0,0.0,Delhi,2016,10,Post-Monsoon
2016-10-10,23.9,7.1,70.0,0.0,Delhi,2016,10,Post-Monsoon
2016-10-11,26.7,10.8,70.0,0.0,Delhi,2016,10,Post-Monsoon
2016-10-12,25.4,15.4,70.0,0.0,Delhi,2016,10,Post-Monsoon
2016-10-13,23.0,12.5,70.0,0.0,Delhi,2016,10,Post-Monsoon
2016-10-14,25.0,6.9,70.0,0.0,Delhi,2016,10,Post-Monsoon
2016-10-15,26.6,3.6,70.0,0.0,Delhi,2016,10,Post-Monsoon
2016-10-16,24.6,18.3,70.0,0.0,Delhi,2016,10,Post-Monsoon
2016-10-17,27.4,8.2,70.0,0.0,Delhi,2016,10,Post-Monsoon
2016-10-18,27.0,8.1,70.0,0.0,Delhi,2016,10,Post-Monsoon
2016-10-19,26.8,7.9,70.0,0.0,Delhi,2016,10,Post-Monsoon
2016-10-20,24.1,8.8,70.0,0.0,Delhi,2016,10,Post-Monsoon
2016-10-21,22.8,7.4,70.0,0.0,Delhi,2016,10,Post-Monsoon
2016-10-22,23.8,5.7,70.0,0.0,Delhi,2016,10,Post-Monsoon
2016-10-23,25.4,5.8,70.0,0.0,Delhi,2016,10,Post-Monsoon
2016-10-24,26.1,7.9,70.0,0.0,Delhi,2016,10,Post-Monsoon
2016-10-25,20.7,5.8,70.0,0.0,Delhi,2016,10,Post-Monsoon
2016-10-26,25.0,5.1,70.0,0.0,Delhi,2016,10,Post-Monsoon
2016-10-27,25.3,8.4,70.0,0.0,Delhi,2016,10,Post-Monsoon
2016-10-28,24.4,7.0,70.0,0.0,Delhi,2016,10,Post-Monsoon
2016-10-29,27.6,14.0,70.0,0.0,Delhi,2016,10,Post-Monsoon
2016-10-30,25.8,0.0,70.0,0.0,Delhi,2016,10,Post-Monsoon
2016-10-31,27.6,12.4,70.0,0.0,Delhi,2016,10,Post-Monsoon
2016-11-01,17.1,13.0,67.3,0.0,Delhi,2016,11,Post-Monsoon
2016-11-02,19.4,0.0,67.3,0.0,Delhi,2016,11,Post-Monsoon
2016-11-03,20.8,6.6,67.3,0.0,Delhi,2016,11,Post-Monsoon
2016-11-04,20.1,6.5,67.3,0.0,Delhi,2016,11,Post-Monsoon
2016-11-05,15.3,2.4,67.3,0.0,Delhi,2016,11,Post-Monsoon
2016-11-06,17.0,4.9,67.3,0.0,Delhi,2016,11,Post-Monsoon
2016-11-07,16.8,3.6,67.3,0.0,Delhi,2016,11,Post-Monsoon
2016-11-08,18.5,15.0,67.3,0.0,Delhi,2016,11,Post-Monsoon
2016-11-09,18.9,11.7,67.3,0.0,Delhi,2016,11,Post-Monsoon
2016-11-10,15.8,13.1,67.3,0.0,Delhi,2016,11,Post-Monsoon
2016-11-11,17.6,10.9,67.3,0.0,Delhi,2016,11,Post-Monsoon
2016-11-12,13.5,3.5,67.3,0.0,Delhi,2016,11,Post-Monsoon
2016-11-13,20.4,5.9,67.3,0.0,Delhi,2016,11,Post-Monsoon
2016-11-14,16.5,10.0,67.3,0.0,Delhi,2016,11,Post-Monsoon
2016-11-15,17.6,3.1,67.3,0.0,Delhi,2016,11,Post-Monsoon
2016-11-16,16.9,10.9,67.3,0.0,Delhi,2016,11,Post-Monsoon
2016-11-17,19.8,7.0,67.3,0.0,Delhi,2016,11,Post-Monsoon
2016-11-18,11.8,6.5,67.3,0.0,Delhi,2016,11,Post-Monsoon
2016-11-19,17.5,10.8,67.3,0.0,Delhi,2016,11,Post-Monsoon
2016-11-20,17.3,9.8,67.3,0.0,Delhi,2016,11,Post-Monsoon
2016-11-21,16.6,6.6,67.3,0.0,Delhi,2016,11,Post-Monsoon
2016-11-22,21.0,12.6,67.3,0.0,Delhi,2016,11,Post-Monsoon
2016-11-23,15.7,3.7,67.3,0.0,Delhi,2016,11,Post-Monsoon
2016-11-24,19.0,10.5,67.3,0.0,Delhi,2016,11,Post-Monsoon
2016-11-25,18.2,10.4,67.3,0.0,Delhi,2016,11,Post-Monsoon
2016-11-26,20.0,6.8,67.3,0.0,Delhi,2016,11,Post-Monsoon
2016-11-27,16.2,9.3,67.3,0.0,Delhi,2016,11,Post-Monsoon
2016-11-28,16.0,3.0,67.3,0.0,Delhi,2016,11,Post-Monsoon
2016-11-29,19.7,11.7,67.3,0.0,Delhi,2016,11,Post-Monsoon
2016-11-30,18.4,7.3,67.3,0.0,Delhi,2016,11,Post-Monsoon
2016-12-01,8.9,5.9,60.0,0.0,Delhi,2016,12,Winter
2016-12-02,10.9,12.2,60.0,0.0,Delhi,2016,12,Winter
2016-12-03,12.8,5.2,60.0,0.0,Delhi,2016,12,Winter
2016-12-04,13.7,2.4,60.0,0.0,Delhi,2016,12,Winter
2016-12-05,10.7,1.8,60.0,0.0,Delhi,2016,12,Winter
2016-12-06,6.2,10.4,60.0,0.0,Delhi,2016,12,Winter
2016-12-07,13.1,2.9,60.0,0.0,Delhi,2016,12,Winter
2016-12-08,9.6,15.0,60.0,0.0,Delhi,2016,12,Winter
2016-12-09,8.0,0.0,60.0,0.0,Delhi,2016,12,Winter
2016-12-10,6.3,14.8,60.0,0.0,Delhi,2016,12,Winter
2016-12-11,13.6,8.8,60.0,0.0,Delhi,2016,12,Winter
2016-12-12,12.3,7.6,60.0,0.0,Delhi,2016,12,Winter
2016-12-13,11.6,5.8,60.0,0.0,Delhi,2016,12,Winter
2016-12-14,14.8,9.6,60.0,0.0,Delhi,2016,12,Winter
2016-12-15,13.3,7.8,60.0,0.0,Delhi,2016,12,Winter
2016-12-16,15.2,12.4,60.0,0.0,Delhi,2016,12,Winter
2016-12-17,9.2,8.5,60.0,0.0,Delhi,2016,12,Winter
2016-12-18,11.9,8.6,60.0,0.0,Delhi,2016,12,Winter
2016-12-19,8.8,6.5,60.0,0.0,Delhi,2016,12,Winter
2016-12-20,11.6,7.8,60.0,0.0,Delhi,2016,12,Winter
2016-12-21,11.5,9.2,60.0,0.0,Delhi,2016,12,Winter
2016-12-22,13.3,1.2,60.0,0.0,Delhi,2016,12,Winter
2016-12-23,12.1,2.6,60.0,0.0,Delhi,2016,12,Winter
2016-12-24,13.3,11.0,60.0,0.0,Delhi,2016,12,Winter
2016-12-25,13.4,8.7,60.0,0.0,Delhi,2016,12,Winter
2016-12-26,16.3,7.3,60.0,0.0,Delhi,2016,12,Winter
2016-12-27,11.4,8.1,60.0,0.0,Delhi,2016,12,Winter
2016-12-28,10.1,9.4,60.0,0.0,Delhi,2016,12,Winter
2016-12-29,12.5,5.8,60.0,0.0,Delhi,2016,12,Winter
2016-12-30,10.4,4.9,60.0,0.0,Delhi,2016,12,Winter
2016-12-31,15.0,8.8,60.0,0.0,Delhi,2016,12,Winter
2017-01-01,9.4,4.1,50.0,0.0,Delhi,2017,1,Winter
2017-01-02,8.9,9.6,50.0,0.0,Delhi,2017,1,Winter
2017-01-03,9.1,1.2,50.0,0.0,Delhi,2017,1,Winter
2017-01-04,11.4,12.1,50.0,0.0,Delhi,2017,1,Winter
2017-01-05,9.7,9.9,50.0,0.0,Delhi,2017,1,Winter
2017-01-06,8.7,9.0,50.0,0.0,Delhi,2017,1,Winter
2017-01-07,13.3,11.9,50.0,0.0,Delhi,2017,1,Winter
2017-01-08,8.3,14.7,50.0,0.0,Delhi,2017,1,Winter
2017-01-09,10.1,12.1,50.0,0.0,Delhi,2017,1,Winter
2017-01-10,11.3,0.6,50.0,0.0,Delhi,2017,1,Winter
2017-01-11,6.7,2.9,50.0,0.0,Delhi,2017,1,Winter
2017-01-12,11.0,5.5,50.0,0.0,Delhi,2017,1,Winter
2017-01-13,7.9,8.1,50.0,0.0,Delhi,2017,1,Winter
2017-01-14,11.6,10.1,50.0,0.0,Delhi,2017,1,Winter
2017-01-15,8.1,5.1,50.0,0.0,Delhi,2017,1,Winter
2017-01-16,11.4,8.7,50.0,0.0,Delhi,2017,1,Winter
2017-01-17,12.2,5.0,50.0,0.0,Delhi,2017,1,Winter
2017-01-18,11.7,5.6,50.0,0.0,Delhi,2017,1,Winter
2017-01-19,10.5,2.4,50.0,0.0,Delhi,2017,1,Winter
2017-01-20,9.5,4.3,50.0,0.0,Delhi,2017,1,Winter
2017-01-21,8.8,2.6,50.0,0.0,Delhi,2017,1,Winter
2017-01-22,12.9,4.1,50.0,0.0,Delhi,2017,1,Winter
2017-01-23,8.6,12.2,50.0,0.0,Delhi,2017,1,Winter
2017-01-24,7.9,4.2,50.0,0.0,Delhi,2017,1,Winter
2017-01-25,11.3,18.5,50.0,0.0,Delhi,2017,1,Winter
2017-01-26,8.4,10.0,50.0,0.0,Delhi,2017,1,Winter
2017-01-27,8.1,8.7,50.0,0.0,Delhi,2017,1,Winter
2017-01-28,7.1,4.6,50.0,0.0,Delhi,2017,1,Winter
2017-01-29,9.0,10.8,50.0,0.0,Delhi,2017,1,Winter
2017-01-30,9.8,5.7,50.0,0.0,Delhi,2017,1,Winter
2017-01-31,10.5,8.5,50.0,0.0,Delhi,2017,1,Winter
2017-02-01,13.9,18.2,40.0,0.0,Delhi,2017,2,Winter
2017-02-02,13.1,7.6,40.0,0.0,Delhi,2017,2,Winter
2017-02-03,11.6,12.6,40.0,0.0,Delhi,2017,2,Winter
2017-02-04,11.6,5.2,40.0,0.0,Delhi,2017,2,Winter
2017-02-05,13.0,7.9,40.0,0.0,Delhi,2017,2,Winter
2017-02-06,14.6,15.1,40.0,0.0,Delhi,2017,2,Winter
2017-02-07,12.3,5.5,40.0,0.0,Delhi,2017,2,Winter
2017-02-08,11.1,15.2,40.0,0.0,Delhi,2017,2,Winter
2017-02-09,10.0,10.8,40.0,0.0,Delhi,2017,2,Winter
2017-02-10,9.1,5.8,40.0,0.0,Delhi,2017,2,Winter
2017-02-11,13.3,10.5,40.0,0.0,Delhi,2017,2,Winter
2017-02-12,13.2,11.9,40.0,0.0,Delhi,2017,2,Winter
2017-02-13,13.2,10.5,40.0,0.0,Delhi,2017,2,Winter
2017-02-14,11.8,1.7,40.0,0.0,Delhi,2017,2,Winter
2017-02-15,14.8,5.1,40.0,0.0,Delhi,2017,2,Winter
2017-02-16,11.0,7.0,40.0,0.0,Delhi,2017,2,Winter
2017-02-17,13.9,7.7,40.0,0.0,Delhi,2017,2,Winter
2017-02-18,11.9,10.5,40.0,0.0,Delhi,2017,2,Winter
2017-02-19,10.8,8.7,40.0,0.0,Delhi,2017,2,Winter
2017-02-20,13.2,2.7,40.0,0.0,Delhi,2017,2,Winter
2017-02-21,12.8,9.5,40.0,0.0,Delhi,2017,2,Winter
2017-02-22,12.7,10.4,40.0,0.0,Delhi,2017,2,Winter
2017-02-23,12.2,10.2,40.0,0.0,Delhi,2017,2,Winter
2017-02-24,11.9,12.3,40.0,0.0,Delhi,2017,2,Winter
2017-02-25,16.8,11.3,40.0,0.0,Delhi,2017,2,Winter
2017-02-26,14.4,9.8,40.0,0.0,Delhi,2017,2,Winter
2017-02-27,13.5,7.7,40.0,0.0,Delhi,2017,2,Winter
2017-02-28,12.2,1.4,40.0,0.0,Delhi,2017,2,Winter
2017-03-01,19.5,9.7,32.7,0.0,Delhi,2017,3,Spring
2017-03-02,18.5,8.8,32.7,0.0,Delhi,2017,3,Spring
2017-03-03,17.6,9.1,32.7,0.0,Delhi,2017,3,Spring
2017-03-04,16.9,2.9,32.7,0.0,Delhi,2017,3,Spring
2017-03-05,17.3,3.7,32.7,0.0,Delhi,2017,3,Spring
2017-03-06,11.2,12.2,32.7,0.0,Delhi,2017,3,Spring
2017-03-07,17.9,7.8,32.7,0.0,Delhi,2017,3,Spring
2017-03-08,16.5,10.7,32.7,0.0,Delhi,2017,3,Spring
2017-03-09,20.7,8.1,32.7,0.0,Delhi,2017,3,Spring
2017-03-10,17.5,8.1,32.7,0.0,Delhi,2017,3,Spring
2017-03-11,15.1,11.8,32.7,0.0,Delhi,2017,3,Spring
2017-03-12,17.4,5.9,32.7,0.0,Delhi,2017,3,Spring
2017-03-13,15.4,8.4,32.7,0.0,Delhi,2017,3,Spring
2017-03-14,18.4,6.2,32.7,0.0,Delhi,2017,3,Spring
2017-03-15,18.1,6.3,32.7,0.0,Delhi,2017,3,Spring
2017-03-16,19.4,6.8,32.7,0.0,Delhi,2017,3,Spring
2017-03-17,15.9,8.9,32.7,0.0,Delhi,2017,3,Spring
2017-03-18,17.6,6.1,32.7,0.0,Delhi,2017,3,Spring
2017-03-19,14.8,13.0,32.7,0.0,Delhi,2017,3,Spring
2017-03-20,18.9,4.4,32.7,0.0,Delhi,2017,3,Spring
2017-03-21,18.5,7.3,32.7,0.0,Delhi,2017,3,Spring
2017-03-22,18.5,6.2,32.7,0.0,Delhi,2017,3,Spring
2017-03-23,17.5,13.8,32.7,0.0,Delhi,2017,3,Spring
2017-03-24,18.3,8.8,32.7,0.0,Delhi,2017,3,Spring
2017-03-25,20.7,12.1,32.7,0.0,Delhi,2017,3,Spring
2017-03-26,16.9,2.1,32.7,0.0,Delhi,2017,3,Spring
2017-03-27,17.8,9.1,32.7,0.0,Delhi,2017,3,Spring
2017-03-28,15.3,11.6,32.7,0.0,Delhi,2017,3,Spring
2017-03-29,15.8,8.3,32.7,0.0,Delhi,2017,3,Spring
2017-03-30,17.7,12.3,32.7,0.0,Delhi,2017,3,Spring
2017-03-31,19.7,5.9,32.7,0.0,Delhi,2017,3,Spring
2017-04-01,24.5,13.6,30.0,0.0,Delhi,2017,4,Spring
2017-04-02,24.5,17.2,30.0,0.0,Delhi,2017,4,Spring
2017-04-03,24.2,6.5,30.0,0.0,Delhi,2017,4,Spring
2017-04-04,23.9,6.2,30.0,0.0,Delhi,2017,4,Spring
2017-04-05,25.6,13.8,30.0,0.0,Delhi,2017,4,Spring
2017-04-06,22.0,14.3,30.0,0.0,Delhi,2017,4,Spring
2017-04-07,27.6,5.9,30.0,0.0,Delhi,2017,4,Spring
2017-04-08,23.7,6.3,30.0,0.0,Delhi,2017,4,Spring
2017-04-09,26.4,6.9,30.0,0.0,Delhi,2017,4,Spring
2017-04-10,22.5,2.6,30.0,0.0,Delhi,2017,4,Spring
2017-04-11,26.3,4.3,30.0,0.0,Delhi,2017,4,Spring
2017-04-12,26.3,4.0,30.0,0.0,Delhi,2017,4,Spring
2017-04-13,25.8,4.9,30.0,0.0,Delhi,2017,4,Spring
2017-04-14,23.0,7.9,30.0,0.0,Delhi,2017,4,Spring
2017-04-15,25.5,8.9,30.0,0.0,Delhi,2017,4,Spring
2017-04-16,22.6,14.2,30.0,0.0,Delhi,2017,4,Spring
2017-04-17,24.5,4.0,30.0,0.0,Delhi,2017,4,Spring
2017-04-18,27.1,11.9,30.0,0.0,Delhi,2017,4,Spring
2017-04-19,26.6,7.1,30.0,0.0,Delhi,2017,4,Spring
2017-04-20,25.0,7.8,30.0,0.0,Delhi,2017,4,Spring
2017-04-21,23.1,10.7,30.0,0.0,Delhi,2017,4,Spring
2017-04-22,26.3,3.5,30.0,0.0,Delhi,2017,4,Spring
2017-04-23,25.0,9.5,30.0,0.0,Delhi,2017,4,Spring
2017-04-24,20.4,8.7,30.0,0.0,Delhi,2017,4,Spring
2017-04-25,26.6,10.0,30.0,0.0,Delhi,2017,4,Spring
2017-04-26,25.0,9.2,30.0,0.0,Delhi,2017,4,Spring
2017-04-27,27.4,17.8,30.0,0.0,Delhi,2017,4,Spring
2017-04-28,22.8,5.4,30.0,0.0,Delhi,2017,4,Spring
2017-04-29,18.6,5.9,30.0,0.0,Delhi,2017,4,Spring
2017-04-30,25.6,5.5,30.0,0.0,Delhi,2017,4,Spring
2017-05-01,33.1,5.8,32.7,0.0,Delhi,2017,5,Spring
2017-05-02,29.1,5.5,32.7,0.0,Delhi,2017,5,Spring
2017-05-03,30.5,12.8,32.7,0.0,Delhi,2017,5,Spring
2017-05-04,38.0,13.7,32.7,0.0,Delhi,2017,5,Spring
2017-05-05,31.9,5.7,32.7,0.0,Delhi,2017,5,Spring
2017-05-06,34.0,4.7,32.7,0.0,Delhi,2017,5,Spring
2017-05-07,31.2,9.9,32.7,0.0,Delhi,2017,5,Spring
2017-05-08,28.3,5.8,32.7,0.0,Delhi,2017,5,Spring
2017-05-09,32.2,10.5,32.7,0.0,Delhi,2017,5,Spring
2017-05-10,32.0,8.8,32.7,0.0,Delhi,2017,5,Spring
2017-05-11,31.7,1.9,32.7,0.0,Delhi,2017,5,Spring
2017-05-12,32.3,14.2,32.7,0.0,Delhi,2017,5,Spring
2017-05-13,33.0,15.2,32.7,0.0,Delhi,2017,5,Spring
2017-05-14,32.2,5.5,32.7,0.0,Delhi,2017,5,Spring
2017-05-15,30.0,6.4,32.7,0.0,Delhi,2017,5,Spring
2017-05-16,33.5,9.1,32.7,0.0,Delhi,2017,5,Spring
2017-05-17,28.6,9.3,32.7,0.0,Delhi,2017,5,Spring
2017-05-18,28.4,10.6,32.7,0.0,Delhi,2017,5,Spring
2017-05-19,34.0,16.0,32.7,0.0,Delhi,2017,5,Spring
2017-05-20,33.5,7.3,32.7,0.0,Delhi,2017,5,Spring
2017-05-21,32.4,4.8,32.7,0.0,Delhi,2017,5,Spring
2017-05-22,29.7,2.5,32.7,0.0,Delhi,2017,5,Spring
2017-05-23,31.1,5.1,32.7,0.0,Delhi,2017,5,Spring
2017-05-24,32.0,7.9,32.7,0.0,Delhi,2017,5,Spring
2017-05-25,29.3,15.2,32.7,0.0,Delhi,2017,5,Spring
2017-05-26,31.0,5.9,32.7,0.0,Delhi,2017,5,Spring
2017-05-27,33.8,8.9,32.7,0.0,Delhi,2017,5,Spring
2017-05-28,35.4,7.9,32.7,0.0,Delhi,2017,5,Spring
2017-05-29,31.7,12.8,32.7,0.0,Delhi,2017,5,Spring
2017-05-30,34.0,18.1,32.7,0.0,Delhi,2017,5,Spring
2017-05-31,28.7,5.9,32.7,0.0,Delhi,2017,5,Spring
2017-06-01,39.3,6.0,40.0,0.95,Delhi,2017,6,Monsoon
2017-06-02,36.4,12.2,40.0,2.39,Delhi,2017,6,Monsoon
2017-06-03,38.6,10.7,40.0,8.08,Delhi,2017,6,Monsoon
2017-06-04,37.5,15.4,40.0,2.49,Delhi,2017,6,Monsoon
2017-06-05,40.6,10.3,40.0,6.95,Delhi,2017,6,Monsoon
2017-06-06,36.2,6.6,40.0,0.67,Delhi,2017,6,Monsoon
2017-06-07,39.2,10.4,40.0,7.41,Delhi,2017,6,Monsoon
2017-06-08,37.4,12.4,40.0,1.35,Delhi,2017,6,Monsoon
2017-06-09,37.7,11.3,40.0,5.66,Delhi,2017,6,Monsoon
2017-06-10,37.6,10.0,40.0,4.17,Delhi,2017,6,Monsoon
2017-06-11,36.3,12.3,40.0,13.24,Delhi,2017,6,Monsoon
2017-06-12,38.0,12.7,40.0,2.45,Delhi,2017,6,Monsoon
2017-06-13,37.9,13.5,40.0,0.34,Delhi,2017,6,Monsoon
2017-06-14,38.5,10.6,40.0,0.1,Delhi,2017,6,Monsoon
2017-06-15,38.2,7.3,40.0,8.77,Delhi,2017,6,Monsoon
2017-06-16,39.6,8.6,40.0,3.72,Delhi,2017,6,Monsoon
2017-06-17,39.8,12.8,40.0,7.46,Delhi,2017,6,Monsoon
2017-06-18,35.9,4.7,40.0,1.34,Delhi,2017,6,Monsoon
2017-06-19,39.7,9.5,40.0,2.12,Delhi,2017,6,Monsoon
2017-06-20,35.6,6.4,40.0,0.15,Delhi,2017,6,Monsoon
2017-06-21,39.2,8.1,40.0,16.28,Delhi,2017,6,Monsoon
2017-06-22,39.2,13.1,40.0,5.51,Delhi,2017,6,Monsoon
2017-06-23,34.2,8.8,40.0,13.53,Delhi,2017,6,Monsoon
2017-06-24,38.2,8.2,40.0,1.54,Delhi,2017,6,Monsoon
2017-06-25,37.1,2.6,40.0,4.73,Delhi,2017,6,Monsoon
2017-06-26,36.5,11.0,40.0,5.67,Delhi,2017,6,Monsoon
2017-06-27,40.7,10.6,40.0,1.91,Delhi,2017,6,Monsoon
2017-06-28,36.7,16.7,40.0,9.42,Delhi,2017,6,Monsoon
2017-06-29,36.4,6.8,40.0,14.7,Delhi,2017,6,Monsoon
2017-06-30,38.1,8.9,40.0,10.81,Delhi,2017,6,Monsoon
2017-07-01,41.4,9.0,50.0,6.72,Delhi,2017,7,Monsoon
2017-07-02,39.7,14.3,50.0,1.62,Delhi,2017,7,Monsoon
2017-07-03,42.3,7.6,50.0,1.65,Delhi,2017,7,Monsoon
2017-07-04,41.1,9.1,50.0,16.53,Delhi,2017,7,Monsoon
2017-07-05,35.6,10.4,50.0,0.05,Delhi,2017,7,Monsoon
2017-07-06,38.9,8.7,50.0,6.29,Delhi,2017,7,Monsoon
2017-07-07,38.9,6.2,50.0,6.13,Delhi,2017,7,Monsoon
2017-07-08,41.0,8.8,50.0,4.87,Delhi,2017,7,Monsoon
2017-07-09,34.8,12.3,50.0,23.08,Delhi,2017,7,Monsoon
2017-07-10,45.1,3.9,50.0,1.87,Delhi,2017,7,Monsoon
2017-07-11,41.1,8.5,50.0,2.08,Delhi,2017,7,Monsoon
2017-07-12,40.3,5.2,50.0,0.41,Delhi,2017,7,Monsoon
2017-07-13,42.4,12.8,50.0,2.92,Delhi,2017,7,Monsoon
2017-07-14,44.7,1.9,50.0,1.51,Delhi,2017,7,Monsoon
2017-07-15,41.7,5.8,50.0,2.1,Delhi,2017,7,Monsoon
2017-07-16,41.9,9.5,50.0,9.0,Delhi,2017,7,Monsoon
2017-07-17,40.3,14.3,50.0,13.7,Delhi,2017,7,Monsoon
2017-07-18,39.7,7.7,50.0,1.03,Delhi,2017,7,Monsoon
2017-07-19,39.0,5.8,50.0,2.33,Delhi,2017,7,Monsoon
2017-07-20,38.3,15.5,50.0,13.2,Delhi,2017,7,Monsoon
2017-07-21,38.6,2.2,50.0,0.32,Delhi,2017,7,Monsoon
2017-07-22,37.3,0.0,50.0,0.48,Delhi,2017,7,Monsoon
2017-07-23,39.8,9.8,50.0,0.89,Delhi,2017,7,Monsoon
2017-07-24,36.6,6.0,50.0,4.52,Delhi,2017,7,Monsoon
2017-07-25,40.4,3.9,50.0,0.82,Delhi,2017,7,Monsoon
2017-07-26,39.9,10.8,50.0,17.22,Delhi,2017,7,Monsoon
2017-07-27,40.3,9.0,50.0,2.96,Delhi,2017,7,Monsoon
2017-07-28,39.0,5.7,50.0,3.48,Delhi,2017,7,Monsoon
2017-07-29,46.2,2.9,50.0,1.42,Delhi,2017,7,Monsoon
2017-07-30,42.7,11.5,50.0,3.18,Delhi,2017,7,Monsoon
2017-07-31,37.5,10.6,50.0,5.42,Delhi,2017,7,Monsoon
2017-08-01,38.5,7.6,60.0,6.96,Delhi,2017,8,Monsoon
2017-08-02,36.8,15.4,60.0,7.01,Delhi,2017,8,Monsoon
2017-08-03,36.0,3.7,60.0,4.31,Delhi,2017,8,Monsoon
2017-08-04,35.3,1.9,60.0,11.74,Delhi,2017,8,Monsoon
2017-08-05,38.9,5.2,60.0,8.5,Delhi,2017,8,Monsoon
2017-08-06,36.6,7.8,60.0,7.07,Delhi,2017,8,Monsoon
2017-08-07,39.9,9.0,60.0,0.29,Delhi,2017,8,Monsoon
2017-08-08,40.0,7.0,60.0,0.03,Delhi,2017,8,Monsoon
2017-08-09,40.7,9.4,60.0,1.19,Delhi,2017,8,Monsoon
2017-08-10,36.3,3.0,60.0,5.45,Delhi,2017,8,Monsoon
2017-08-11,38.9,13.8,60.0,2.65,Delhi,2017,8,Monsoon
2017-08-12,39.3,7.7,60.0,2.57,Delhi,2017,8,Monsoon
2017-08-13,37.0,12.5,60.0,10.8,Delhi,2017,8,Monsoon
2017-08-14,36.4,9.4,60.0,11.3,Delhi,2017,8,Monsoon
2017-08-15,41.2,9.8,60.0,11.99,Delhi,2017,8,Monsoon
2017-08-16,38.4,10.3,60.0,1.88,Delhi,2017,8,Monsoon
2017-08-17,39.3,9.8,60.0,5.87,Delhi,2017,8,Monsoon
2017-08-18,36.3,10.6,60.0,1.58,Delhi,2017,8,Monsoon
2017-08-19,35.6,13.3,60.0,1.06,Delhi,2017,8,Monsoon
2017-08-20,36.9,8.8,60.0,1.02,Delhi,2017,8,Monsoon
2017-08-21,37.7,10.8,60.0,2.09,Delhi,2017,8,Monsoon
2017-08-22,35.9,7.6,60.0,2.81,Delhi,2017,8,Monsoon
2017-08-23,38.0,13.8,60.0,8.89,Delhi,2017,8,Monsoon
2017-08-24,34.6,5.3,60.0,0.64,Delhi,2017,8,Monsoon
2017-08-25,35.8,15.2,60.0,6.64,Delhi,2017,8,Monsoon
2017-08-26,39.3,7.8,60.0,3.79,Delhi,2017,8,Monsoon
2017-08-27,39.2,2.3,60.0,1.7,Delhi,2017,8,Monsoon
2017-08-28,37.2,8.5,60.0,3.39,Delhi,2017,8,Monsoon
2017-08-29,36.0,5.3,60.0,1.78,Delhi,2017,8,Monsoon
2017-08-30,35.9,11.4,60.0,4.53,Delhi,2017,8,Monsoon
2017-08-31,37.2,5.4,60.0,2.84,Delhi,2017,8,Monsoon
2017-09-01,33.8,6.2,67.3,0.9,Delhi,2017,9,Monsoon
2017-09-02,34.4,0.4,67.3,0.62,Delhi,2017,9,Monsoon
2017-09-03,31.5,6.2,67.3,3.96,Delhi,2017,9,Monsoon
2017-09-04,30.2,0.0,67.3,11.64,Delhi,2017,9,Monsoon
2017-09-05,33.0,1.7,67.3,2.11,Delhi,2017,9,Monsoon
2017-09-06,30.9,11.0,67.3,6.6,Delhi,2017,9,Monsoon
2017-09-07,31.5,11.1,67.3,5.37,Delhi,2017,9,Monsoon
2017-09-08,35.2,9.7,67.3,13.41,Delhi,2017,9,Monsoon
2017-09-09,34.2,4.1,67.3,8.6,Delhi,2017,9,Monsoon
2017-09-10,32.8,7.8,67.3,4.18,Delhi,2017,9,Monsoon
2017-09-11,30.0,8.0,67.3,5.35,Delhi,2017,9,Monsoon
2017-09-12,32.9,3.4,67.3,11.43,Delhi,2017,9,Monsoon
2017-09-13,34.6,14.0,67.3,2.55,Delhi,2017,9,Monsoon
2017-09-14,31.7,11.5,67.3,1.98,Delhi,2017,9,Monsoon
2017-09-15,35.2,7.1,67.3,0.05,Delhi,2017,9,Monsoon
2017-09-16,35.1,8.1,67.3,8.76,Delhi,2017,9,Monsoon
2017-09-17,35.8,8.8,67.3,8.07,Delhi,2017,9,Monsoon
2017-09-18,33.1,0.0,67.3,0.55,Delhi,2017,9,Monsoon
2017-09-19,33.7,7.0,67.3,4.3,Delhi,2017,9,Monsoon
2017-09-20,35.3,5.3,67.3,3.12,Delhi,2017,9,Monsoon
2017-09-21,33.4,4.0,67.3,0.63,Delhi,2017,9,Monsoon
2017-09-22,31.5,6.9,67.3,19.7,Delhi,2017,9,Monsoon
2017-09-23,31.6,15.2,67.3,1.21,Delhi,2017,9,Monsoon
2017-09-24,33.0,10.6,67.3,0.35,Delhi,2017,9,Monsoon
2017-09-25,29.9,5.7,67.3,4.52,Delhi,2017,9,Monsoon
2017-09-26,32.2,10.3,67.3,6.71,Delhi,2017,9,Monsoon
2017-09-27,34.7,13.6,67.3,0.16,Delhi,2017,9,Monsoon
2017-09-28,28.1,11.7,67.3,5.38,Delhi,2017,9,Monsoon
2017-09-29,35.6,8.2,67.3,3.8,Delhi,2017,9,Monsoon
2017-09-30,34.7,5.4,67.3,0.54,Delhi,2017,9,Monsoon
2017-10-01,24.1,10.8,70.0,0.0,Delhi,2017,10,Post-Monsoon
2017-10-02,26.1,9.6,70.0,0.0,Delhi,2017,10,Post-Monsoon
2017-10-03,25.0,11.6,70.0,0.0,Delhi,2017,10,Post-Monsoon
2017-10-04,27.5,10.5,70.0,0.0,Delhi,2017,10,Post-Monsoon
2017-10-05,27.0,12.2,70.0,0.0,Delhi,2017,10,Post-Monsoon
2017-10-06,22.2,5.9,70.0,0.0,Delhi,2017,10,Post-Monsoon
2017-10-07,26.2,13.3,70.0,0.0,Delhi,2017,10,Post-Monsoon
2017-10-08,24.6,8.8,70.0,0.0,Delhi,2017,10,Post-Monsoon
2017-10-09,25.2,16.3,70.0,0.0,Delhi,2017,10,Post-Monsoon
2017-10-10,23.5,5.2,70.0,0.0,Delhi,2017,10,Post-Monsoon
2017-10-11,28.5,14.9,70.0,0.0,Delhi,2017,10,Post-Monsoon
2017-10-12,27.1,8.8,70.0,0.0,Delhi,2017,10,Post-Monsoon
2017-10-13,23.5,5.4,70.0,0.0,Delhi,2017,10,Post-Monsoon
2017-10-14,22.3,6.1,70.0,0.0,Delhi,2017,10,Post-Monsoon
2017-10-15,24.2,6.7,70.0,0.0,Delhi,2017,10,Post-Monsoon
2017-10-16,25.9,9.7,70.0,0.0,Delhi,2017,10,Post-Monsoon
2017-10-17,25.5,10.1,70.0,0.0,Delhi,2017,10,Post-Monsoon
2017-10-18,27.5,5.7,70.0,0.0,Delhi,2017,10,Post-Monsoon
2017-10-19,26.6,7.9,70.0,0.0,Delhi,2017,10,Post-Monsoon
2017-10-20,26.9,16.6,70.0,0.0,Delhi,2017,10,Post-Monsoon
2017-10-21,25.7,14.9,70.0,0.0,Delhi,2017,10,Post-Monsoon
2017-10-22,22.2,9.7,70.0,0.0,Delhi,2017,10,Post-Monsoon
2017-10-23,24.6,8.2,70.0,0.0,Delhi,2017,10,Post-Monsoon
2017-10-24,27.1,8.5,70.0,0.0,Delhi,2017,10,Post-Monsoon
2017-10-25,24.9,10.5,70.0,0.0,Delhi,2017,10,Post-Monsoon
2017-10-26,26.0,3.9,70.0,0.0,Delhi,2017,10,Post-Monsoon
2017-10-27,24.4,7.0,70.0,0.0,Delhi,2017,10,Post-Monsoon
2017-10-28,22.9,1.3,70.0,0.0,Delhi,2017,10,Post-Monsoon
2017-10-29,24.8,9.6,70.0,0.0,Delhi,2017,10,Post-Monsoon
2017-10-30,25.6,10.6,70.0,0.0,Delhi,2017,10,Post-Monsoon
2017-10-31,23.7,6.1,70.0,0.0,Delhi,2017,10,Post-Monsoon
2017-11-01,17.0,14.3,67.3,0.0,Delhi,2017,11,Post-Monsoon
2017-11-02,15.6,3.1,67.3,0.0,Delhi,2017,11,Post-Monsoon
2017-11-03,19.7,2.1,67.3,0.0,Delhi,2017,11,Post-Monsoon
2017-11-04,16.9,8.9,67.3,0.0,Delhi,2017,11,Post-Monsoon
2017-11-05,20.4,12.2,67.3,0.0,Delhi,2017,11,Post-Monsoon
2017-11-06,20.6,14.7,67.3,0.0,Delhi,2017,11,Post-Monsoon
2017-11-07,17.3,6.2,67.3,0.0,Delhi,2017,11,Post-Monsoon
2017-11-08,15.5,12.3,67.3,0.0,Delhi,2017,11,Post-Monsoon
2017-11-09,13.3,7.8,67.3,0.0,Delhi,2017,11,Post-Monsoon
2017-11-10,14.6,7.3,67.3,0.0,Delhi,2017,11,Post-Monsoon
2017-11-11,14.8,11.5,67.3,0.0,Delhi,2017,11,Post-Monsoon
2017-11-12,20.3,10.6,67.3,0.0,Delhi,2017,11,Post-Monsoon
2017-11-13,17.7,1.7,67.3,0.0,Delhi,2017,11,Post-Monsoon
2017-11-14,18.3,13.9,67.3,0.0,Delhi,2017,11,Post-Monsoon
2017-11-15,13.1,13.5,67.3,0.0,Delhi,2017,11,Post-Monsoon
2017-11-16,15.1,5.5,67.3,0.0,Delhi,2017,11,Post-Monsoon
2017-11-17,19.3,9.6,67.3,0.0,Delhi,2017,11,Post-Monsoon
2017-11-18,18.1,10.0,67.3,0.0,Delhi,2017,11,Post-Monsoon
2017-11-19,17.2,9.0,67.3,0.0,Delhi,2017,11,Post-Monsoon
2017-11-20,18.6,5.8,67.3,0.0,Delhi,2017,11,Post-Monsoon
2017-11-21,20.8,5.3,67.3,0.0,Delhi,2017,11,Post-Monsoon
2017-11-22,17.1,7.9,67.3,0.0,Delhi,2017,11,Post-Monsoon
2017-11-23,17.6,12.7,67.3,0.0,Delhi,2017,11,Post-Monsoon
2017-11-24,17.9,10.2,67.3,0.0,Delhi,2017,11,Post-Monsoon
2017-11-25,22.3,6.5,67.3,0.0,Delhi,2017,11,Post-Monsoon
2017-11-26,13.3,11.1,67.3,0.0,Delhi,2017,11,Post-Monsoon
2017-11-27,18.9,0.0,67.3,0.0,Delhi,2017,11,Post-Monsoon
2017-11-28,17.3,12.6,67.3,0.0,Delhi,2017,11,Post-Monsoon
2017-11-29,18.6,1.0,67.3,0.0,Delhi,2017,11,Post-Monsoon
2017-11-30,16.2,6.6,67.3,0.0,Delhi,2017,11,Post-Monsoon
2017-12-01,11.9,3.5,60.0,0.0,Delhi,2017,12,Winter
2017-12-02,13.4,2.8,60.0,0.0,Delhi,2017,12,Winter
2017-12-03,18.2,12.6,60.0,0.0,Delhi,2017,12,Winter
2017-12-04,13.6,6.1,60.0,0.0,Delhi,2017,12,Winter
2017-12-05,10.3,9.4,60.0,0.0,Delhi,2017,12,Winter
2017-12-06,11.2,7.8,60.0,0.0,Delhi,2017,12,Winter
2017-12-07,11.1,9.9,60.0,0.0,Delhi,2017,12,Winter
2017-12-08,8.4,8.3,60.0,0.0,Delhi,2017,12,Winter
2017-12-09,11.3,2.9,60.0,0.0,Delhi,2017,12,Winter
2017-12-10,13.5,12.0,60.0,0.0,Delhi,2017,12,Winter
2017-12-11,9.5,6.0,60.0,0.0,Delhi,2017,12,Winter
2017-12-12,14.1,1.8,60.0,0.0,Delhi,2017,12,Winter
2017-12-13,13.0,6.3,60.0,0.0,Delhi,2017,12,Winter
2017-12-14,10.5,14.0,60.0,0.0,Delhi,2017,12,Winter
2017-12-15,11.7,11.4,60.0,0.0,Delhi,2017,12,Winter
2017-12-16,15.2,6.6,60.0,0.0,Delhi,2017,12,Winter
2017-12-17,13.5,6.6,60.0,0.0,Delhi,2017,12,Winter
2017-12-18,12.0,6.7,60.0,0.0,Delhi,2017,12,Winter
2017-12-19,11.5,16.3,60.0,0.0,Delhi,2017,12,Winter
2017-12-20,12.2,9.5,60.0,0.0,Delhi,2017,12,Winter
2017-12-21,11.0,9.7,60.0,0.0,Delhi,2017,12,Winter
2017-12-22,7.8,12.1,60.0,0.0,Delhi,2017,12,Winter
2017-12-23,16.1,9.0,60.0,0.0,Delhi,2017,12,Winter
2017-12-24,12.3,7.0,60.0,0.0,Delhi,2017,12,Winter
2017-12-25,12.8,7.2,60.0,0.0,Delhi,2017,12,Winter
2017-12-26,11.9,7.7,60.0,0.0,Delhi,2017,12,Winter
2017-12-27,10.5,7.9,60.0,0.0,Delhi,2017,12,Winter
2017-12-28,11.6,10.9,60.0,0.0,Delhi,2017,12,Winter
2017-12-29,8.8,8.2,60.0,0.0,Delhi,2017,12,Winter
2017-12-30,16.6,10.9,60.0,0.0,Delhi,2017,12,Winter
2017-12-31,9.5,7.7,60.0,0.0,Delhi,2017,12,Winter
2018-01-01,7.9,8.3,50.0,0.0,Delhi,2018,1,Winter
2018-01-02,9.1,0.0,50.0,0.0,Delhi,2018,1,Winter
2018-01-03,12.6,11.7,50.0,0.0,Delhi,2018,1,Winter
2018-01-04,10.0,9.4,50.0,0.0,Delhi,2018,1,Winter
2018-01-05,7.5,12.0,50.0,0.0,Delhi,2018,1,Winter
2018-01-06,12.5,0.0,50.0,0.0,Delhi,2018,1,Winter
2018-01-07,11.5,16.4,50.0,0.0,Delhi,2018,1,Winter
2018-01-08,11.1,7.4,50.0,0.0,Delhi,2018,1,Winter
2018-01-09,11.4,12.4,50.0,0.0,Delhi,2018,1,Winter
2018-01-10,14.8,3.8,50.0,0.0,Delhi,2018,1,Winter
2018-01-11,14.4,10.5,50.0,0.0,Delhi,2018,1,Winter
2018-01-12,8.6,3.8,50.0,0.0,Delhi,2018,1,Winter
2018-01-13,13.2,5.5,50.0,0.0,Delhi,2018,1,Winter
2018-01-14,10.8,15.7,50.0,0.0,Delhi,2018,1,Winter
2018-01-15,11.0,7.2,50.0,0.0,Delhi,2018,1,Winter
2018-01-16,6.6,8.9,50.0,0.0,Delhi,2018,1,Winter
2018-01-17,9.7,11.5,50.0,0.0,Delhi,2018,1,Winter
2018-01-18,8.4,10.0,50.0,0.0,Delhi,2018,1,Winter
2018-01-19,11.7,8.6,50.0,0.0,Delhi,2018,1,Winter
2018-01-20,12.1,9.5,50.0,0.0,Delhi,2018,1,Winter
2018-01-21,5.9,17.6,50.0,0.0,Delhi,2018,1,Winter
2018-01-22,10.0,7.8,50.0,0.0,Delhi,2018,1,Winter
2018-01-23,12.2,8.8,50.0,0.0,Delhi,2018,1,Winter
2018-01-24,9.6,12.2,50.0,0.0,Delhi,2018,1,Winter
2018-01-25,11.5,12.4,50.0,0.0,Delhi,2018,1,Winter
2018-01-26,10.7,12.7,50.0,0.0,Delhi,2018,1,Winter
2018-01-27,10.7,10.6,50.0,0.0,Delhi,2018,1,Winter
2018-01-28,9.5,3.4,50.0,0.0,Delhi,2018,1,Winter
2018-01-29,7.6,14.5,50.0,0.0,Delhi,2018,1,Winter
2018-01-30,7.8,3.4,50.0,0.0,Delhi,2018,1,Winter
2018-01-31,11.4,9.2,50.0,0.0,Delhi,2018,1,Winter
2018-02-01,12.0,5.0,40.0,0.0,Delhi,2018,2,Winter
2018-02-02,11.7,7.7,40.0,0.0,Delhi,2018,2,Winter
2018-02-03,11.2,9.3,40.0,0.0,Delhi,2018,2,Winter
2018-02-04,11.4,9.3,40.0,0.0,Delhi,2018,2,Winter
2018-02-05,14.1,9.7,40.0,0.0,Delhi,2018,2,Winter
2018-02-06,11.3,14.5,40.0,0.0,Delhi,2018,2,Winter
2018-02-07,9.3,9.8,40.0,0.0,Delhi,2018,2,Winter
2018-02-08,13.5,7.0,40.0,0.0,Delhi,2018,2,Winter
2018-02-09,11.6,11.9,40.0,0.0,Delhi,2018,2,Winter
2018-02-10,12.1,12.8,40.0,0.0,Delhi,2018,2,Winter
2018-02-11,15.2,3.1,40.0,0.0,Delhi,2018,2,Winter
2018-02-12,12.0,10.4,40.0,0.0,Delhi,2018,2,Winter
2018-02-13,12.6,10.8,40.0,0.0,Delhi,2018,2,Winter
2018-02-14,9.7,6.8,40.0,0.0,Delhi,2018,2,Winter
2018-02-15,11.6,13.5,40.0,0.0,Delhi,2018,2,Winter
2018-02-16,13.2,7.4,40.0,0.0,Delhi,2018,2,Winter
2018-02-17,8.9,8.5,40.0,0.0,Delhi,2018,2,Winter
2018-02-18,12.4,7.3,40.0,0.0,Delhi,2018,2,Winter
2018-02-19,12.2,8.1,40.0,0.0,Delhi,2018,2,Winter
2018-02-20,12.1,3.6,40.0,0.0,Delhi,2018,2,Winter
2018-02-21,14.1,2.2,40.0,0.0,Delhi,2018,2,Winter
2018-02-22,12.7,14.4,40.0,0.0,Delhi,2018,2,Winter
2018-02-23,15.0,4.6,40.0,0.0,Delhi,2018,2,Winter
2018-02-24,10.0,4.0,40.0,0.0,Delhi,2018,2,Winter
2018-02-25,12.3,0.0,40.0,0.0,Delhi,2018,2,Winter
2018-02-26,12.2,5.4,40.0,0.0,Delhi,2018,2,Winter
2018-02-27,9.9,2.7,40.0,0.0,Delhi,2018,2,Winter
2018-02-28,13.9,14.6,40.0,0.0,Delhi,2018,2,Winter
2018-03-01,22.1,12.0,32.7,0.0,Delhi,2018,3,Spring
2018-03-02,17.5,5.2,32.7,0.0,Delhi,2018,3,Spring
2018-03-03,18.5,17.0,32.7,0.0,Delhi,2018,3,Spring
2018-03-04,17.7,11.9,32.7,0.0,Delhi,2018,3,Spring
2018-03-05,16.1,6.7,32.7,0.0,Delhi,2018,3,Spring
2018-03-06,13.9,0.0,32.7,0.0,Delhi,2018,3,Spring
2018-03-07,16.1,17.2,32.7,0.0,Delhi,2018,3,Spring
2018-03-08,14.7,2.4,32.7,0.0,Delhi,2018,3,Spring
2018-03-09,20.9,1.4,32.7,0.0,Delhi,2018,3,Spring
2018-03-10,17.3,12.1,32.7,0.0,Delhi,2018,3,Spring
2018-03-11,16.8,17.8,32.7,0.0,Delhi,2018,3,Spring
2018-03-12,19.3,13.5,32.7,0.0,Delhi,2018,3,Spring
2018-03-13,15.3,10.3,32.7,0.0,Delhi,2018,3,Spring
2018-03-14,16.0,10.4,32.7,0.0,Delhi,2018,3,Spring
2018-03-15,17.6,11.4,32.7,0.0,Delhi,2018,3,Spring
2018-03-16,19.6,11.0,32.7,0.0,Delhi,2018,3,Spring
2018-03-17,18.5,9.1,32.7,0.0,Delhi,2018,3,Spring
2018-03-18,18.0,8.4,32.7,0.0,Delhi,2018,3,Spring
2018-03-19,17.7,7.7,32.7,0.0,Delhi,2018,3,Spring
2018-03-20,18.3,5.0,32.7,0.0,Delhi,2018,3,Spring
2018-03-21,17.9,6.9,32.7,0.0,Delhi,2018,3,Spring
2018-03-22,15.4,1.2,32.7,0.0,Delhi,2018,3,Spring
2018-03-23,17.6,7.6,32.7,0.0,Delhi,2018,3,Spring
2018-03-24,15.4,4.0,32.7,0.0,Delhi,2018,3,Spring
2018-03-25,17.7,3.6,32.7,0.0,Delhi,2018,3,Spring
2018-03-26,16.5,8.7,32.7,0.0,Delhi,2018,3,Spring
2018-03-27,22.6,13.6,32.7,0.0,Delhi,2018,3,Spring
2018-03-28,17.4,11.7,32.7,0.0,Delhi,2018,3,Spring
2018-03-29,14.7,1.7,32.7,0.0,Delhi,2018,3,Spring
2018-03-30,17.2,4.0,32.7,0.0,Delhi,2018,3,Spring
2018-03-31,18.5,11.8,32.7,0.0,Delhi,2018,3,Spring
2018-04-01,28.3,4.1,30.0,0.0,Delhi,2018,4,Spring
2018-04-02,23.8,7.1,30.0,0.0,Delhi,2018,4,Spring
2018-04-03,21.8,10.2,30.0,0.0,Delhi,2018,4,Spring
2018-04-04,26.6,4.1,30.0,0.0,Delhi,2018,4,Spring
2018-04-05,22.2,8.4,30.0,0.0,Delhi,2018,4,Spring
2018-04-06,24.1,2.7,30.0,0.0,Delhi,2018,4,Spring
2018-04-07,24.5,5.6,30.0,0.0,Delhi,2018,4,Spring
2018-04-08,24.9,9.3,30.0,0.0,Delhi,2018,4,Spring
2018-04-09,26.4,1.6,30.0,0.0,Delhi,2018,4,Spring
2018-04-10,23.6,9.8,30.0,0.0,Delhi,2018,4,Spring
2018-04-11,24.5,7.9,30.0,0.0,Delhi,2018,4,Spring
2018-04-12,25.0,10.2,30.0,0.0,Delhi,2018,4,Spring
2018-04-13,25.3,8.9,30.0,0.0,Delhi,2018,4,Spring
2018-04-14,25.2,13.5,30.0,0.0,Delhi,2018,4,Spring
2018-04-15,25.9,8.5,30.0,0.0,Delhi,2018,4,Spring
2018-04-16,26.7,6.3,30.0,0.0,Delhi,2018,4,Spring
2018-04-17,25.8,8.5,30.0,0.0,Delhi,2018,4,Spring
2018-04-18,25.9,10.2,30.0,0.0,Delhi,2018,4,Spring
2018-04-19,21.8,8.2,30.0,0.0,Delhi,2018,4,Spring
2018-04-20,25.1,8.2,30.0,0.0,Delhi,2018,4,Spring
2018-04-21,26.0,5.2,30.0,0.0,Delhi,2018,4,Spring
2018-04-22,26.5,5.3,30.0,0.0,Delhi,2018,4,Spring
2018-04-23,23.6,2.4,30.0,0.0,Delhi,2018,4,Spring
2018-04-24,23.7,15.0,30.0,0.0,Delhi,2018,4,Spring
2018-04-25,23.9,3.0,30.0,0.0,Delhi,2018,4,Spring
2018-04-26,26.1,5.2,30.0,0.0,Delhi,2018,4,Spring
2018-04-27,27.1,5.1,30.0,0.0,Delhi,2018,4,Spring
2018-04-28,24.2,11.6,30.0,0.0,Delhi,2018,4,Spring
2018-04-29,26.8,6.8,30.0,0.0,Delhi,2018,4,Spring
2018-04-30,25.2,13.0,30.0,0.0,Delhi,2018,4,Spring
2018-05-01,32.3,5.3,32.7,0.0,Delhi,2018,5,Spring
2018-05-02,32.1,9.1,32.7,0.0,Delhi,2018,5,Spring
2018-05-03,34.0,4.7,32.7,0.0,Delhi,2018,5,Spring
2018-05-04,33.2,16.6,32.7,0.0,Delhi,2018,5,Spring
2018-05-05,37.1,3.2,32.7,0.0,Delhi,2018,5,Spring
2018-05-06,30.8,9.2,32.7,0.0,Delhi,2018,5,Spring
2018-05-07,33.5,10.5,32.7,0.0,Delhi,2018,5,Spring
2018-05-08,31.4,9.7,32.7,0.0,Delhi,2018,5,Spring
2018-05-09,30.8,7.3,32.7,0.0,Delhi,2018,5,Spring
2018-05-10,32.5,7.5,32.7,0.0,Delhi,2018,5,Spring
2018-05-11,32.8,8.2,32.7,0.0,Delhi,2018,5,Spring
2018-05-12,38.3,7.4,32.7,0.0,Delhi,2018,5,Spring
2018-05-13,32.1,11.9,32.7,0.0,Delhi,2018,5,Spring
2018-05-14,30.2,16.8,32.7,0.0,Delhi,2018,5,Spring
2018-05-15,33.0,5.8,32.7,0.0,Delhi,2018,5,Spring
2018-05-16,28.4,2.5,32.7,0.0,Delhi,2018,5,Spring
2018-05-17,32.3,7.6,32.7,0.0,Delhi,2018,5,Spring
2018-05-18,32.5,18.3,32.7,0.0,Delhi,2018,5,Spring
2018-05-19,34.1,4.8,32.7,0.0,Delhi,2018,5,Spring
2018-05-20,34.4,14.6,32.7,0.0,Delhi,2018,5,Spring
2018-05-21,31.5,14.7,32.7,0.0,Delhi,2018,5,Spring
2018-05-22,32.2,5.8,32.7,0.0,Delhi,2018,5,Spring
2018-05-23,31.0,10.3,32.7,0.0,Delhi,2018,5,Spring
2018-05-24,30.2,14.5,32.7,0.0,Delhi,2018,5,Spring
2018-05-25,33.1,6.5,32.7,0.0,Delhi,2018,5,Spring
2018-05-26,30.0,7.2,32.7,0.0,Delhi,2018,5,Spring
2018-05-27,31.7,5.7,32.7,0.0,Delhi,2018,5,Spring
2018-05-28,30.5,3.9,32.7,0.0,Delhi,2018,5,Spring
2018-05-29,33.6,5.4,32.7,0.0,Delhi,2018,5,Spring
2018-05-30,36.1,3.1,32.7,0.0,Delhi,2018,5,Spring
2018-05-31,29.9,8.1,32.7,0.0,Delhi,2018,5,Spring
2018-06-01,34.3,4.9,40.0,1.71,Delhi,2018,6,Monsoon
2018-06-02,37.7,8.9,40.0,3.15,Delhi,2018,6,Monsoon
2018-06-03,38.0,1.8,40.0,4.83,Delhi,2018,6,Monsoon
2018-06-04,38.4,9.3,40.0,2.65,Delhi,2018,6,Monsoon
2018-06-05,37.1,11.3,40.0,2.79,Delhi,2018,6,Monsoon
2018-06-06,37.6,0.0,40.0,2.0,Delhi,2018,6,Monsoon
2018-06-07,38.7,9.5,40.0,4.15,Delhi,2018,6,Monsoon
2018-06-08,40.1,12.9,40.0,9.5,Delhi,2018,6,Monsoon
2018-06-09,34.1,3.2,40.0,1.13,Delhi,2018,6,Monsoon
2018-06-10,37.3,14.7,40.0,13.62,Delhi,2018,6,Monsoon
2018-06-11,38.4,9.7,40.0,5.84,Delhi,2018,6,Monsoon
2018-06-12,36.2,5.2,40.0,8.67,Delhi,2018,6,Monsoon
2018-06-13,41.5,7.8,40.0,4.06,Delhi,2018,6,Monsoon
2018-06-14,36.7,10.2,40.0,7.56,Delhi,2018,6,Monsoon
2018-06-15,37.9,8.3,40.0,0.08,Delhi,2018,6,Monsoon
2018-06-16,39.1,10.2,40.0,8.53,Delhi,2018,6,Monsoon
2018-06-17,36.8,4.3,40.0,0.2,Delhi,2018,6,Monsoon
2018-06-18,34.3,8.7,40.0,11.03,Delhi,2018,6,Monsoon
2018-06-19,37.1,2.3,40.0,24.12,Delhi,2018,6,Monsoon
2018-06-20,40.0,7.6,40.0,1.74,Delhi,2018,6,Monsoon
2018-06-21,37.3,4.4,40.0,1.18,Delhi,2018,6,Monsoon
2018-06-22,36.3,5.1,40.0,7.25,Delhi,2018,6,Monsoon
2018-06-23,39.8,12.9,40.0,1.46,Delhi,2018,6,Monsoon
2018-06-24,37.3,12.4,40.0,10.03,Delhi,2018,6,Monsoon
2018-06-25,37.0,10.4,40.0,0.54,Delhi,2018,6,Monsoon
2018-06-26,38.3,3.6,40.0,0.67,Delhi,2018,6,Monsoon
2018-06-27,39.5,6.7,40.0,19.35,Delhi,2018,6,Monsoon
2018-06-28,42.8,12.9,40.0,5.6,Delhi,2018,6,Monsoon
2018-06-29,39.6,8.6,40.0,9.38,Delhi,2018,6,Monsoon
2018-06-30,40.3,17.3,40.0,1.96,Delhi,2018,6,Monsoon
2018-07-01,39.0,9.6,50.0,5.64,Delhi,2018,7,Monsoon
2018-07-02,37.9,8.8,50.0,4.51,Delhi,2018,7,Monsoon
2018-07-03,40.1,6.8,50.0,4.62,Delhi,2018,7,Monsoon
2018-07-04,40.2,8.5,50.0,5.74,Delhi,2018,7,Monsoon
2018-07-05,37.8,7.4,50.0,4.28,Delhi,2018,7,Monsoon
2018-07-06,39.6,10.8,50.0,2.8,Delhi,2018,7,Monsoon
2018-07-07,40.8,11.8,50.0,1.61,Delhi,2018,7,Monsoon
2018-07-08,40.7,4.9,50.0,7.32,Delhi,2018,7,Monsoon
2018-07-09,41.0,2.7,50.0,1.28,Delhi,2018,7,Monsoon
2018-07-10,40.6,0.7,50.0,5.89,Delhi,2018,7,Monsoon
2018-07-11,39.0,10.0,50.0,1.33,Delhi,2018,7,Monsoon
2018-07-12,39.0,3.6,50.0,4.91,Delhi,2018,7,Monsoon
2018-07-13,37.6,0.0,50.0,6.87,Delhi,2018,7,Monsoon
2018-07-14,43.6,9.6,50.0,1.23,Delhi,2018,7,Monsoon
2018-07-15,40.0,18.0,50.0,0.31,Delhi,2018,7,Monsoon
2018-07-16,39.6,8.0,50.0,0.7,Delhi,2018,7,Monsoon
2018-07-17,38.1,11.4,50.0,4.66,Delhi,2018,7,Monsoon
2018-07-18,45.9,8.3,50.0,9.47,Delhi,2018,7,Monsoon
2018-07-19,37.9,7.6,50.0,0.23,Delhi,2018,7,Monsoon
2018-07-20,39.1,11.7,50.0,6.62,Delhi,2018,7,Monsoon
2018-07-21,40.8,6.8,50.0,2.09,Delhi,2018,7,Monsoon
2018-07-22,41.2,9.1,50.0,3.26,Delhi,2018,7,Monsoon
2018-07-23,41.9,9.3,50.0,13.22,Delhi,2018,7,Monsoon
2018-07-24,43.6,5.3,50.0,2.02,Delhi,2018,7,Monsoon
2018-07-25,41.0,12.0,50.0,3.13,Delhi,2018,7,Monsoon
2018-07-26,37.9,7.3,50.0,0.07,Delhi,2018,7,Monsoon
2018-07-27,39.5,5.0,50.0,0.43,Delhi,2018,7,Monsoon
2018-07-28,40.6,10.1,50.0,1.5,Delhi,2018,7,Monsoon
2018-07-29,44.1,4.4,50.0,0.14,Delhi,2018,7,Monsoon
2018-07-30,37.2,8.1,50.0,4.99,Delhi,2018,7,Monsoon
2018-07-31,42.4,8.0,50.0,2.78,Delhi,2018,7,Monsoon
2018-08-01,38.4,12.3,60.0,3.97,Delhi,2018,8,Monsoon
2018-08-02,39.7,9.9,60.0,0.96,Delhi,2018,8,Monsoon
2018-08-03,37.8,7.9,60.0,1.75,Delhi,2018,8,Monsoon
2018-08-04,36.3,11.3,60.0,5.45,Delhi,2018,8,Monsoon
2018-08-05,39.5,13.6,60.0,16.81,Delhi,2018,8,Monsoon
2018-08-06,39.3,10.2,60.0,0.26,Delhi,2018,8,Monsoon
2018-08-07,39.9,8.0,60.0,11.05,Delhi,2018,8,Monsoon
2018-08-08,38.0,2.8,60.0,4.3,Delhi,2018,8,Monsoon
2018-08-09,36.8,3.7,60.0,4.15,Delhi,2018,8,Monsoon
2018-08-10,34.9,6.8,60.0,3.47,Delhi,2018,8,Monsoon
2018-08-11,39.6,5.6,60.0,0.36,Delhi,2018,8,Monsoon
2018-08-12,38.8,7.3,60.0,0.47,Delhi,2018,8,Monsoon
2018-08-13,36.1,8.2,60.0,4.59,Delhi,2018,8,Monsoon
2018-08-14,36.9,10.1,60.0,2.08,Delhi,2018,8,Monsoon
2018-08-15,37.1,7.7,60.0,12.46,Delhi,2018,8,Monsoon
2018-08-16,35.0,9.9,60.0,2.61,Delhi,2018,8,Monsoon
2018-08-17,36.4,8.3,60.0,0.77,Delhi,2018,8,Monsoon
2018-08-18,35.7,0.1,60.0,6.27,Delhi,2018,8,Monsoon
2018-08-19,37.2,4.2,60.0,1.74,Delhi,2018,8,Monsoon
2018-08-20,36.5,7.4,60.0,3.73,Delhi,2018,8,Monsoon
2018-08-21,34.7,3.2,60.0,5.98,Delhi,2018,8,Monsoon
2018-08-22,42.0,10.4,60.0,11.53,Delhi,2018,8,Monsoon
2018-08-23,40.5,14.1,60.0,7.86,Delhi,2018,8,Monsoon
2018-08-24,36.4,12.9,60.0,5.64,Delhi,2018,8,Monsoon
2018-08-25,38.5,7.1,60.0,5.69,Delhi,2018,8,Monsoon
2018-08-26,38.8,14.0,60.0,14.59,Delhi,2018,8,Monsoon
2018-08-27,40.4,8.6,60.0,1.75,Delhi,2018,8,Monsoon
2018-08-28,36.4,6.7,60.0,0.01,Delhi,2018,8,Monsoon
2018-08-29,40.2,5.5,60.0,1.59,Delhi,2018,8,Monsoon
2018-08-30,36.9,6.8,60.0,1.23,Delhi,2018,8,Monsoon
2018-08-31,35.3,6.4,60.0,5.42,Delhi,2018,8,Monsoon
2018-09-01,33.9,8.7,67.3,5.02,Delhi,2018,9,Monsoon
2018-09-02,35.1,8.6,67.3,4.5,Delhi,2018,9,Monsoon
2018-09-03,37.7,8.0,67.3,0.08,Delhi,2018,9,Monsoon
2018-09-04,30.1,9.7,67.3,6.52,Delhi,2018,9,Monsoon
2018-09-05,33.9,12.8,67.3,1.95,Delhi,2018,9,Monsoon
2018-09-06,31.7,11.8,67.3,5.47,Delhi,2018,9,Monsoon
2018-09-07,34.1,2.1,67.3,4.07,Delhi,2018,9,Monsoon
2018-09-08,29.6,0.0,67.3,2.1,Delhi,2018,9,Monsoon
2018-09-09,30.0,11.7,67.3,0.72,Delhi,2018,9,Monsoon
2018-09-10,30.9,2.5,67.3,0.5,Delhi,2018,9,Monsoon
2018-09-11,32.7,7.1,67.3,8.9,Delhi,2018,9,Monsoon
2018-09-12,31.2,3.3,67.3,12.53,Delhi,2018,9,Monsoon
2018-09-13,33.8,0.8,67.3,5.25,Delhi,2018,9,Monsoon
2018-09-14,34.6,10.2,67.3,0.55,Delhi,2018,9,Monsoon
2018-09-15,33.7,11.0,67.3,2.57,Delhi,2018,9,Monsoon
2018-09-16,35.7,5.7,67.3,6.53,Delhi,2018,9,Monsoon
2018-09-17,33.3,0.0,67.3,7.57,Delhi,2018,9,Monsoon
2018-09-18,30.1,5.8,67.3,0.63,Delhi,2018,9,Monsoon
2018-09-19,35.2,9.6,67.3,0.0,Delhi,2018,9,Monsoon
2018-09-20,31.3,2.1,67.3,6.23,Delhi,2018,9,Monsoon
2018-09-21,34.3,8.7,67.3,2.2,Delhi,2018,9,Monsoon
2018-09-22,35.6,7.9,67.3,1.47,Delhi,2018,9,Monsoon
2018-09-23,33.4,10.3,67.3,0.06,Delhi,2018,9,Monsoon
2018-09-24,29.5,8.5,67.3,3.89,Delhi,2018,9,Monsoon
2018-09-25,30.7,4.1,67.3,9.52,Delhi,2018,9,Monsoon
2018-09-26,35.1,12.8,67.3,15.81,Delhi,2018,9,Monsoon
2018-09-27,32.2,7.4,67.3,4.17,Delhi,2018,9,Monsoon
2018-09-28,32.7,7.9,67.3,3.61,Delhi,2018,9,Monsoon
2018-09-29,34.0,4.3,67.3,0.44,Delhi,2018,9,Monsoon
2018-09-30,33.9,6.2,67.3,3.98,Delhi,2018,9,Monsoon
2018-10-01,25.6,4.5,70.0,0.0,Delhi,2018,10,Post-Monsoon
2018-10-02,24.6,7.3,70.0,0.0,Delhi,2018,10,Post-Monsoon
2018-10-03,24.4,14.8,70.0,0.0,Delhi,2018,10,Post-Monsoon
2018-10-04,26.7,2.5,70.0,0.0,Delhi,2018,10,Post-Monsoon
2018-10-05,26.1,1.5,70.0,0.0,Delhi,2018,10,Post-Monsoon
2018-10-06,24.5,13.9,70.0,0.0,Delhi,2018,10,Post-Monsoon
2018-10-07,27.2,7.2,70.0,0.0,Delhi,2018,10,Post-Monsoon
2018-10-08,24.7,5.3,70.0,0.0,Delhi,2018,10,Post-Monsoon
2018-10-09,23.3,12.2,70.0,0.0,Delhi,2018,10,Post-Monsoon
2018-10-10,23.5,5.6,70.0,0.0,Delhi,2018,10,Post-Monsoon
2018-10-11,23.0,15.3,70.0,0.0,Delhi,2018,10,Post-Monsoon
2018-10-12,24.5,10.7,70.0,0.0,Delhi,2018,10,Post-Monsoon
2018-10-13,27.5,6.0,70.0,0.0,Delhi,2018,10,Post-Monsoon
2018-10-14,23.4,16.6,70.0,0.0,Delhi,2018,10,Post-Monsoon
2018-10-15,25.4,5.6,70.0,0.0,Delhi,2018,10,Post-Monsoon
2018-10-16,23.7,11.0,70.0,0.0,Delhi,2018,10,Post-Monsoon
2018-10-17,24.5,9.2,70.0,0.0,Delhi,2018,10,Post-Monsoon
2018-10-18,22.0,13.2,70.0,0.0,Delhi,2018,10,Post-Monsoon
2018-10-19,24.6,14.2,70.0,0.0,Delhi,2018,10,Post-Monsoon
2018-10-20,24.6,8.1,70.0,0.0,Delhi,2018,10,Post-Monsoon
2018-10-21,26.1,5.0,70.0,0.0,Delhi,2018,10,Post-Monsoon
2018-10-22,25.4,9.8,70.0,0.0,Delhi,2018,10,Post-Monsoon
2018-10-23,22.6,5.3,70.0,0.0,Delhi,2018,10,Post-Monsoon
2018-10-24,27.2,16.1,70.0,0.0,Delhi,2018,10,Post-Monsoon
2018-10-25,25.4,8.5,70.0,0.0,Delhi,2018,10,Post-Monsoon
2018-10-26,25.4,6.5,70.0,0.0,Delhi,2018,10,Post-Monsoon
2018-10-27,25.0,8.7,70.0,0.0,Delhi,2018,10,Post-Monsoon
2018-10-28,24.0,2.6,70.0,0.0,Delhi,2018,10,Post-Monsoon
2018-10-29,25.4,4.1,70.0,0.0,Delhi,2018,10,Post-Monsoon
2018-10-30,26.0,12.8,70.0,0.0,Delhi,2018,10,Post-Monsoon
2018-10-31,21.5,5.4,70.0,0.0,Delhi,2018,10,Post-Monsoon
2018-11-01,16.4,3.8,67.3,0.0,Delhi,2018,11,Post-Monsoon
2018-11-02,17.0,10.1,67.3,0.0,Delhi,2018,11,Post-Monsoon
2018-11-03,18.0,12.7,67.3,0.0,Delhi,2018,11,Post-Monsoon
2018-11-04,19.9,10.9,67.3,0.0,Delhi,2018,11,Post-Monsoon
2018-11-05,16.0,12.0,67.3,0.0,Delhi,2018,11,Post-Monsoon
2018-11-06,16.5,5.0,67.3,0.0,Delhi,2018,11,Post-Monsoon
2018-11-07,16.5,2.3,67.3,0.0,Delhi,2018,11,Post-Monsoon
2018-11-08,15.9,14.0,67.3,0.0,Delhi,2018,11,Post-Monsoon
2018-11-09,16.8,6.7,67.3,0.0,Delhi,2018,11,Post-Monsoon
2018-11-10,19.0,7.0,67.3,0.0,Delhi,2018,11,Post-Monsoon
2018-11-11,15.4,13.3,67.3,0.0,Delhi,2018,11,Post-Monsoon
2018-11-12,18.4,10.2,67.3,0.0,Delhi,2018,11,Post-Monsoon
2018-11-13,14.1,9.8,67.3,0.0,Delhi,2018,11,Post-Monsoon
2018-11-14,16.4,16.7,67.3,0.0,Delhi,2018,11,Post-Monsoon
2018-11-15,16.8,5.4,67.3,0.0,Delhi,2018,11,Post-Monsoon
2018-11-16,20.8,11.7,67.3,0.0,Delhi,2018,11,Post-Monsoon
2018-11-17,17.0,8.2,67.3,0.0,Delhi,2018,11,Post-Monsoon
2018-11-18,13.1,9.1,67.3,0.0,Delhi,2018,11,Post-Monsoon
2018-11-19,13.5,14.1,67.3,0.0,Delhi,2018,11,Post-Monsoon
2018-11-20,17.6,10.0,67.3,0.0,Delhi,2018,11,Post-Monsoon
2018-11-21,18.7,10.2,67.3,0.0,Delhi,2018,11,Post-Monsoon
2018-11-22,18.3,12.3,67.3,0.0,Delhi,2018,11,Post-Monsoon
2018-11-23,17.8,6.5,67.3,0.0,Delhi,2018,11,Post-Monsoon
2018-11-24,19.8,4.6,67.3,0.0,Delhi,2018,11,Post-Monsoon
2018-11-25,16.4,3.8,67.3,0.0,Delhi,2018,11,Post-Monsoon
2018-11-26,19.3,0.1,67.3,0.0,Delhi,2018,11,Post-Monsoon
2018-11-27,14.2,16.2,67.3,0.0,Delhi,2018,11,Post-Monsoon
2018-11-28,15.7,3.6,67.3,0.0,Delhi,2018,11,Post-Monsoon
2018-11-29,13.9,7.1,67.3,0.0,Delhi,2018,11,Post-Monsoon
2018-11-30,17.0,6.9,67.3,0.0,Delhi,2018,11,Post-Monsoon
2018-12-01,11.9,9.2,60.0,0.0,Delhi,2018,12,Winter
2018-12-02,12.2,11.3,60.0,0.0,Delhi,2018,12,Winter
2018-12-03,12.1,11.4,60.0,0.0,Delhi,2018,12,Winter
2018-12-04,10.2,5.7,60.0,0.0,Delhi,2018,12,Winter
2018-12-05,11.6,7.3,60.0,0.0,Delhi,2018,12,Winter
2018-12-06,9.0,9.1,60.0,0.0,Delhi,2018,12,Winter
2018-12-07,14.7,7.0,60.0,0.0,Delhi,2018,12,Winter
2018-12-08,11.4,14.4,60.0,0.0,Delhi,2018,12,Winter
2018-12-09,11.0,10.0,60.0,0.0,Delhi,2018,12,Winter
2018-12-10,15.2,10.9,60.0,0.0,Delhi,2018,12,Winter
2018-12-11,9.5,10.7,60.0,0.0,Delhi,2018,12,Winter
2018-12-12,9.8,12.7,60.0,0.0,Delhi,2018,12,Winter
2018-12-13,9.8,8.7,60.0,0.0,Delhi,2018,12,Winter
2018-12-14,11.9,2.8,60.0,0.0,Delhi,2018,12,Winter
2018-12-15,12.9,9.6,60.0,0.0,Delhi,2018,12,Winter
2018-12-16,13.5,5.4,60.0,0.0,Delhi,2018,12,Winter
2018-12-17,17.2,5.9,60.0,0.0,Delhi,2018,12,Winter
2018-12-18,7.5,10.3,60.0,0.0,Delhi,2018,12,Winter
2018-12-19,13.2,13.0,60.0,0.0,Delhi,2018,12,Winter
2018-12-20,10.9,8.1,60.0,0.0,Delhi,2018,12,Winter
2018-12-21,10.8,9.2,60.0,0.0,Delhi,2018,12,Winter
2018-12-22,10.8,14.8,60.0,0.0,Delhi,2018,12,Winter
2018-12-23,10.2,9.0,60.0,0.0,Delhi,2018,12,Winter
2018-12-24,15.4,18.4,60.0,0.0,Delhi,2018,12,Winter
2018-12-25,13.7,10.3,60.0,0.0,Delhi,2018,12,Winter
2018-12-26,12.1,1.0,60.0,0.0,Delhi,2018,12,Winter
2018-12-27,14.7,11.0,60.0,0.0,Delhi,2018,12,Winter
2018-12-28,9.0,9.5,60.0,0.0,Delhi,2018,12,Winter
2018-12-29,9.3,13.2,60.0,0.0,Delhi,2018,12,Winter
2018-12-30,7.7,10.7,60.0,0.0,Delhi,2018,12,Winter
2018-12-31,10.6,7.4,60.0,0.0,Delhi,2018,12,Winter
2019-01-01,10.3,3.1,50.0,0.0,Delhi,2019,1,Winter
2019-01-02,10.2,7.2,50.0,0.0,Delhi,2019,1,Winter
2019-01-03,10.3,4.6,50.0,0.0,Delhi,2019,1,Winter
2019-01-04,7.2,5.7,50.0,0.0,Delhi,2019,1,Winter
2019-01-05,11.6,10.4,50.0,0.0,Delhi,2019,1,Winter
2019-01-06,10.5,14.7,50.0,0.0,Delhi,2019,1,Winter
2019-01-07,11.5,9.6,50.0,0.0,Delhi,2019,1,Winter
2019-01-08,6.2,3.2,50.0,0.0,Delhi,2019,1,Winter
2019-01-09,10.6,9.8,50.0,0.0,Delhi,2019,1,Winter
2019-01-10,7.6,12.8,50.0,0.0,Delhi,2019,1,Winter
2019-01-11,9.2,5.6,50.0,0.0,Delhi,2019,1,Winter
2019-01-12,11.1,7.5,50.0,0.0,Delhi,2019,1,Winter
2019-01-13,10.2,8.1,50.0,0.0,Delhi,2019,1,Winter
2019-01-14,8.3,4.9,50.0,0.0,Delhi,2019,1,Winter
2019-01-15,10.0,10.6,50.0,0.0,Delhi,2019,1,Winter
2019-01-16,6.9,7.5,50.0,0.0,Delhi,2019,1,Winter
2019-01-17,12.3,9.7,50.0,0.0,Delhi,2019,1,Winter
2019-01-18,9.6,4.5,50.0,0.0,Delhi,2019,1,Winter
2019-01-19,12.2,6.3,50.0,0.0,Delhi,2019,1,Winter
2019-01-20,8.9,10.9,50.0,0.0,Delhi,2019,1,Winter
2019-01-21,9.0,6.5,50.0,0.0,Delhi,2019,1,Winter
2019-01-22,8.5,14.9,50.0,0.0,Delhi,2019,1,Winter
2019-01-23,11.8,6.4,50.0,0.0,Delhi,2019,1,Winter
2019-01-24,8.6,8.9,50.0,0.0,Delhi,2019,1,Winter
2019-01-25,11.3,11.7,50.0,0.0,Delhi,2019,1,Winter
2019-01-26,9.2,2.3,50.0,0.0,Delhi,2019,1,Winter
2019-01-27,6.0,1.0,50.0,0.0,Delhi,2019,1,Winter
2019-01-28,8.9,1.9,50.0,0.0,Delhi,2019,1,Winter
2019-01-29,7.6,13.1,50.0,0.0,Delhi,2019,1,Winter
2019-01-30,10.1,5.8,50.0,0.0,Delhi,2019,1,Winter
2019-01-31,7.6,18.2,50.0,0.0,Delhi,2019,1,Winter
2019-02-01,13.9,5.7,40.0,0.0,Delhi,2019,2,Winter
2019-02-02,11.8,8.7,40.0,0.0,Delhi,2019,2,Winter
2019-02-03,11.7,14.2,40.0,0.0,Delhi,2019,2,Winter
2019-02-04,13.3,16.0,40.0,0.0,Delhi,2019,2,Winter
2019-02-05,13.9,16.2,40.0,0.0,Delhi,2019,2,Winter
2019-02-06,12.0,12.8,40.0,0.0,Delhi,2019,2,Winter
2019-02-07,10.5,12.1,40.0,0.0,Delhi,2019,2,Winter
2019-02-08,8.5,10.4,40.0,0.0,Delhi,2019,2,Winter
2019-02-09,10.6,11.1,40.0,0.0,Delhi,2019,2,Winter
2019-02-10,10.8,5.8,40.0,0.0,Delhi,2019,2,Winter
2019-02-11,12.2,4.7,40.0,0.0,Delhi,2019,2,Winter
2019-02-12,11.3,8.0,40.0,0.0,Delhi,2019,2,Winter
2019-02-13,13.4,7.3,40.0,0.0,Delhi,2019,2,Winter
2019-02-14,10.8,6.2,40.0,0.0,Delhi,2019,2,Winter
2019-02-15,11.9,10.8,40.0,0.0,Delhi,2019,2,Winter
2019-02-16,14.4,11.8,40.0,0.0,Delhi,2019,2,Winter
2019-02-17,12.7,8.4,40.0,0.0,Delhi,2019,2,Winter
2019-02-18,11.9,13.9,40.0,0.0,Delhi,2019,2,Winter
2019-02-19,10.8,3.4,40.0,0.0,Delhi,2019,2,Winter
2019-02-20,10.7,7.2,40.0,0.0,Delhi,2019,2,Winter
2019-02-21,10.3,5.1,40.0,0.0,Delhi,2019,2,Winter
2019-02-22,10.9,0.5,40.0,0.0,Delhi,2019,2,Winter
2019-02-23,13.5,7.7,40.0,0.0,Delhi,2019,2,Winter
2019-02-24,11.6,7.5,40.0,0.0,Delhi,2019,2,Winter
2019-02-25,9.3,14.1,40.0,0.0,Delhi,2019,2,Winter
2019-02-26,15.5,10.5,40.0,0.0,Delhi,2019,2,Winter
2019-02-27,12.6,3.9,40.0,0.0,Delhi,2019,2,Winter
2019-02-28,9.2,15.4,40.0,0.0,Delhi,2019,2,Winter
2019-03-01,16.6,12.9,32.7,0.0,Delhi,2019,3,Spring
2019-03-02,17.7,10.3,32.7,0.0,Delhi,2019,3,Spring
2019-03-03,20.9,7.1,32.7,0.0,Delhi,2019,3,Spring
2019-03-04,15.3,4.2,32.7,0.0,Delhi,2019,3,Spring
2019-03-05,19.5,6.5,32.7,0.0,Delhi,2019,3,Spring
2019-03-06,20.3,12.4,32.7,0.0,Delhi,2019,3,Spring
2019-03-07,16.2,15.5,32.7,0.0,Delhi,2019,3,Spring
2019-03-08,16.9,14.2,32.7,0.0,Delhi,2019,3,Spring
2019-03-09,15.4,6.0,32.7,0.0,Delhi,2019,3,Spring
2019-03-10,17.1,3.5,32.7,0.0,Delhi,2019,3,Spring
2019-03-11,17.4,8.6,32.7,0.0,Delhi,2019,3,Spring
2019-03-12,18.8,0.9,32.7,0.0,Delhi,2019,3,Spring
2019-03-13,19.7,9.3,32.7,0.0,Delhi,2019,3,Spring
2019-03-14,16.0,7.4,32.7,0.0,Delhi,2019,3,Spring
2019-03-15,13.6,6.1,32.7,0.0,Delhi,2019,3,Spring
2019-03-16,17.5,1.6,32.7,0.0,Delhi,2019,3,Spring
2019-03-17,18.1,10.1,32.7,0.0,Delhi,2019,3,Spring
2019-03-18,18.0,5.9,32.7,0.0,Delhi,2019,3,Spring
2019-03-19,16.8,3.3,32.7,0.0,Delhi,2019,3,Spring
2019-03-20,17.7,0.0,32.7,0.0,Delhi,2019,3,Spring
2019-03-21,20.5,7.9,32.7,0.0,Delhi,2019,3,Spring
2019-03-22,18.3,15.1,32.7,0.0,Delhi,2019,3,Spring
2019-03-23,16.8,14.6,32.7,0.0,Delhi,2019,3,Spring
2019-03-24,16.5,6.2,32.7,0.0,Delhi,2019,3,Spring
2019-03-25,17.2,5.6,32.7,0.0,Delhi,2019,3,Spring
2019-03-26,20.8,9.9,32.7,0.0,Delhi,2019,3,Spring
2019-03-27,17.1,4.0,32.7,0.0,Delhi,2019,3,Spring
2019-03-28,17.5,9.2,32.7,0.0,Delhi,2019,3,Spring
2019-03-29,16.5,11.1,32.7,0.0,Delhi,2019,3,Spring
2019-03-30,19.7,12.9,32.7,0.0,Delhi,2019,3,Spring
2019-03-31,21.4,7.6,32.7,0.0,Delhi,2019,3,Spring
2019-04-01,25.9,7.2,30.0,0.0,Delhi,2019,4,Spring
2019-04-02,25.2,4.5,30.0,0.0,Delhi,2019,4,Spring
2019-04-03,25.1,4.7,30.0,0.0,Delhi,2019,4,Spring
2019-04-04,20.2,7.1,30.0,0.0,Delhi,2019,4,Spring
2019-04-05,26.5,9.5,30.0,0.0,Delhi,2019,4,Spring
2019-04-06,25.3,11.7,30.0,0.0,Delhi,2019,4,Spring
2019-04-07,25.9,4.8,30.0,0.0,Delhi,2019,4,Spring
2019-04-08,23.6,14.0,30.0,0.0,Delhi,2019,4,Spring
2019-04-09,24.2,6.9,30.0,0.0,Delhi,2019,4,Spring
2019-04-10,24.2,7.9,30.0,0.0,Delhi,2019,4,Spring
2019-04-11,27.0,5.0,30.0,0.0,Delhi,2019,4,Spring
2019-04-12,24.2,0.0,30.0,0.0,Delhi,2019,4,Spring
2019-04-13,29.2,11.5,30.0,0.0,Delhi,2019,4,Spring
2019-04-14,25.9,10.9,30.0,0.0,Delhi,2019,4,Spring
2019-04-15,22.4,6.9,30.0,0.0,Delhi,2019,4,Spring
2019-04-16,24.7,8.3,30.0,0.0,Delhi,2019,4,Spring
2019-04-17,23.7,10.1,30.0,0.0,Delhi,2019,4,Spring
2019-04-18,20.6,1.7,30.0,0.0,Delhi,2019,4,Spring
2019-04-19,28.2,5.9,30.0,0.0,Delhi,2019,4,Spring
2019-04-20,26.4,11.2,30.0,0.0,Delhi,2019,4,Spring
2019-04-21,26.1,3.0,30.0,0.0,Delhi,2019,4,Spring
2019-04-22,25.3,9.2,30.0,0.0,Delhi,2019,4,Spring
2019-04-23,22.2,2.6,30.0,0.0,Delhi,2019,4,Spring
2019-04-24,24.0,9.9,30.0,0.0,Delhi,2019,4,Spring
2019-04-25,26.7,7.9,30.0,0.0,Delhi,2019,4,Spring
2019-04-26,22.9,1.5,30.0,0.0,Delhi,2019,4,Spring
2019-04-27,19.9,12.7,30.0,0.0,Delhi,2019,4,Spring
2019-04-28,24.5,5.1,30.0,0.0,Delhi,2019,4,Spring
2019-04-29,24.7,4.8,30.0,0.0,Delhi,2019,4,Spring
2019-04-30,25.3,8.8,30.0,0.0,Delhi,2019,4,Spring
2019-05-01,34.0,12.6,32.7,0.0,Delhi,2019,5,Spring
2019-05-02,33.8,3.9,32.7,0.0,Delhi,2019,5,Spring
2019-05-03,33.0,8.2,32.7,0.0,Delhi,2019,5,Spring
2019-05-04,34.9,9.7,32.7,0.0,Delhi,2019,5,Spring
2019-05-05,29.5,10.8,32.7,0.0,Delhi,2019,5,Spring
2019-05-06,33.5,8.7,32.7,0.0,Delhi,2019,5,Spring
2019-05-07,33.8,6.5,32.7,0.0,Delhi,2019,5,Spring
2019-05-08,30.0,4.7,32.7,0.0,Delhi,2019,5,Spring
2019-05-09,29.5,8.3,32.7,0.0,Delhi,2019,5,Spring
2019-05-10,31.0,3.7,32.7,0.0,Delhi,2019,5,Spring
2019-05-11,31.2,0.0,32.7,0.0,Delhi,2019,5,Spring
2019-05-12,34.0,9.7,32.7,0.0,Delhi,2019,5,Spring
2019-05-13,31.3,11.6,32.7,0.0,Delhi,2019,5,Spring
2019-05-14,30.8,0.0,32.7,0.0,Delhi,2019,5,Spring
2019-05-15,31.3,4.0,32.7,0.0,Delhi,2019,5,Spring
2019-05-16,34.7,10.5,32.7,0.0,Delhi,2019,5,Spring
2019-05-17,32.5,16.2,32.7,0.0,Delhi,2019,5,Spring
2019-05-18,32.1,8.1,32.7,0.0,Delhi,2019,5,Spring
2019-05-19,32.3,5.1,32.7,0.0,Delhi,2019,5,Spring
2019-05-20,35.1,7.3,32.7,0.0,Delhi,2019,5,Spring
2019-05-21,31.0,13.5,32.7,0.0,Delhi,2019,5,Spring
2019-05-22,35.1,5.4,32.7,0.0,Delhi,2019,5,Spring
2019-05-23,32.9,4.8,32.7,0.0,Delhi,2019,5,Spring
2019-05-24,32.2,6.1,32.7,0.0,Delhi,2019,5,Spring
2019-05-25,37.5,4.2,32.7,0.0,Delhi,2019,5,Spring
2019-05-26,30.4,8.5,32.7,0.0,Delhi,2019,5,Spring
2019-05-27,31.8,14.5,32.7,0.0,Delhi,2019,5,Spring
2019-05-28,30.0,9.3,32.7,0.0,Delhi,2019,5,Spring
2019-05-29,34.4,7.0,32.7,0.0,Delhi,2019,5,Spring
2019-05-30,35.9,6.8,32.7,0.0,Delhi,2019,5,Spring
2019-05-31,35.8,1.7,32.7,0.0,Delhi,2019,5,Spring
2019-06-01,40.4,11.5,40.0,14.88,Delhi,2019,6,Monsoon
2019-06-02,37.6,7.7,40.0,0.77,Delhi,2019,6,Monsoon
2019-06-03,37.3,7.3,40.0,2.41,Delhi,2019,6,Monsoon
2019-06-04,34.6,20.8,40.0,4.05,Delhi,2019,6,Monsoon
2019-06-05,42.1,9.2,40.0,0.4,Delhi,2019,6,Monsoon
2019-06-06,38.9,5.0,40.0,0.02,Delhi,2019,6,Monsoon
2019-06-07,37.0,6.3,40.0,5.55,Delhi,2019,6,Monsoon
2019-06-08,40.6,12.6,40.0,5.13,Delhi,2019,6,Monsoon
2019-06-09,36.0,8.5,40.0,2.64,Delhi,2019,6,Monsoon
2019-06-10,38.8,2.2,40.0,3.36,Delhi,2019,6,Monsoon
2019-06-11,37.6,11.7,40.0,2.68,Delhi,2019,6,Monsoon
2019-06-12,39.3,5.3,40.0,0.12,Delhi,2019,6,Monsoon
2019-06-13,37.9,15.5,40.0,2.04,Delhi,2019,6,Monsoon
2019-06-14,35.1,12.3,40.0,0.97,Delhi,2019,6,Monsoon
2019-06-15,38.1,6.2,40.0,0.52,Delhi,2019,6,Monsoon
2019-06-16,40.1,13.1,40.0,15.7,Delhi,2019,6,Monsoon
2019-06-17,37.9,8.3,40.0,4.57,Delhi,2019,6,Monsoon
2019-06-18,39.5,11.4,40.0,6.52,Delhi,2019,6,Monsoon
2019-06-19,35.9,9.9,40.0,1.89,Delhi,2019,6,Monsoon
2019-06-20,37.9,4.6,40.0,2.5,Delhi,2019,6,Monsoon
2019-06-21,36.7,5.4,40.0,1.35,Delhi,2019,6,Monsoon
2019-06-22,39.5,12.1,40.0,0.51,Delhi,2019,6,Monsoon
2019-06-23,38.1,6.7,40.0,0.99,Delhi,2019,6,Monsoon
2019-06-24,39.4,6.4,40.0,7.99,Delhi,2019,6,Monsoon
2019-06-25,40.2,4.2,40.0,5.66,Delhi,2019,6,Monsoon
2019-06-26,39.4,9.7,40.0,3.96,Delhi,2019,6,Monsoon
2019-06-27,38.5,16.3,40.0,3.22,Delhi,2019,6,Monsoon
2019-06-28,36.0,3.7,40.0,12.78,Delhi,2019,6,Monsoon
2019-06-29,38.0,8.1,40.0,0.38,Delhi,2019,6,Monsoon
2019-06-30,36.9,13.6,40.0,1.65,Delhi,2019,6,Monsoon
2019-07-01,39.3,7.7,50.0,2.15,Delhi,2019,7,Monsoon
2019-07-02,39.3,9.8,50.0,7.63,Delhi,2019,7,Monsoon
2019-07-03,38.0,3.8,50.0,24.47,Delhi,2019,7,Monsoon
2019-07-04,36.1,9.7,50.0,1.38,Delhi,2019,7,Monsoon
2019-07-05,38.7,7.3,50.0,10.37,Delhi,2019,7,Monsoon
2019-07-06,40.4,11.9,50.0,8.88,Delhi,2019,7,Monsoon
2019-07-07,37.3,12.7,50.0,1.27,Delhi,2019,7,Monsoon
2019-07-08,40.0,18.4,50.0,2.55,Delhi,2019,7,Monsoon
2019-07-09,43.8,10.3,50.0,2.64,Delhi,2019,7,Monsoon
2019-07-10,42.0,9.3,50.0,19.13,Delhi,2019,7,Monsoon
2019-07-11,43.3,8.8,50.0,1.0,Delhi,2019,7,Monsoon
2019-07-12,40.8,6.6,50.0,8.03,Delhi,2019,7,Monsoon
2019-07-13,42.3,9.4,50.0,2.03,Delhi,2019,7,Monsoon
2019-07-14,38.6,6.8,50.0,6.56,Delhi,2019,7,Monsoon
2019-07-15,38.7,8.7,50.0,2.72,Delhi,2019,7,Monsoon
2019-07-16,34.5,13.3,50.0,4.32,Delhi,2019,7,Monsoon
2019-07-17,42.4,4.0,50.0,8.94,Delhi,2019,7,Monsoon
2019-07-18,43.1,12.6,50.0,8.15,Delhi,2019,7,Monsoon
2019-07-19,38.9,13.3,50.0,10.07,Delhi,2019,7,Monsoon
2019-07-20,39.5,7.5,50.0,0.31,Delhi,2019,7,Monsoon
2019-07-21,38.5,0.0,50.0,5.89,Delhi,2019,7,Monsoon
2019-07-22,40.8,5.6,50.0,0.75,Delhi,2019,7,Monsoon
2019-07-23,42.2,13.2,50.0,2.69,Delhi,2019,7,Monsoon
2019-07-24,36.5,7.9,50.0,3.98,Delhi,2019,7,Monsoon
2019-07-25,40.8,4.0,50.0,2.58,Delhi,2019,7,Monsoon
2019-07-26,39.4,6.0,50.0,3.67,Delhi,2019,7,Monsoon
2019-07-27,40.2,11.4,50.0,28.31,Delhi,2019,7,Monsoon
2019-07-28,40.9,10.2,50.0,0.73,Delhi,2019,7,Monsoon
2019-07-29,39.6,7.0,50.0,5.63,Delhi,2019,7,Monsoon
2019-07-30,39.8,6.5,50.0,2.52,Delhi,2019,7,Monsoon
2019-07-31,39.6,6.4,50.0,0.71,Delhi,2019,7,Monsoon
2019-08-01,39.9,4.3,60.0,0.86,Delhi,2019,8,Monsoon
2019-08-02,38.8,14.5,60.0,14.91,Delhi,2019,8,Monsoon
2019-08-03,38.4,6.7,60.0,10.58,Delhi,2019,8,Monsoon
2019-08-04,35.4,12.9,60.0,11.88,Delhi,2019,8,Monsoon
2019-08-05,37.2,14.1,60.0,23.86,Delhi,2019,8,Monsoon
2019-08-06,39.8,12.0,60.0,1.17,Delhi,2019,8,Monsoon
2019-08-07,38.1,6.3,60.0,2.2,Delhi,2019,8,Monsoon
2019-08-08,39.3,9.6,60.0,5.53,Delhi,2019,8,Monsoon
2019-08-09,41.5,7.9,60.0,3.31,Delhi,2019,8,Monsoon
2019-08-10,40.1,4.4,60.0,2.71,Delhi,2019,8,Monsoon
2019-08-11,38.2,9.3,60.0,2.21,Delhi,2019,8,Monsoon
2019-08-12,37.0,3.3,60.0,4.5,Delhi,2019,8,Monsoon
2019-08-13,32.9,12.8,60.0,4.29,Delhi,2019,8,Monsoon
2019-08-14,37.7,6.1,60.0,0.88,Delhi,2019,8,Monsoon
2019-08-15,37.3,8.8,60.0,3.19,Delhi,2019,8,Monsoon
2019-08-16,38.8,9.1,60.0,4.03,Delhi,2019,8,Monsoon
2019-08-17,37.7,7.0,60.0,4.22,Delhi,2019,8,Monsoon
2019-08-18,37.3,10.3,60.0,1.18,Delhi,2019,8,Monsoon
2019-08-19,34.4,6.1,60.0,6.78,Delhi,2019,8,Monsoon
2019-08-20,36.1,11.5,60.0,0.13,Delhi,2019,8,Monsoon
2019-08-21,38.9,2.6,60.0,2.19,Delhi,2019,8,Monsoon
2019-08-22,41.4,8.5,60.0,7.58,Delhi,2019,8,Monsoon
2019-08-23,37.8,15.8,60.0,4.15,Delhi,2019,8,Monsoon
2019-08-24,38.6,4.0,60.0,1.51,Delhi,2019,8,Monsoon
2019-08-25,39.9,5.3,60.0,5.94,Delhi,2019,8,Monsoon
2019-08-26,36.4,10.1,60.0,4.19,Delhi,2019,8,Monsoon
2019-08-27,38.7,8.7,60.0,7.95,Delhi,2019,8,Monsoon
2019-08-28,36.5,9.4,60.0,6.64,Delhi,2019,8,Monsoon
2019-08-29,39.7,10.0,60.0,4.71,Delhi,2019,8,Monsoon
2019-08-30,38.3,10.5,60.0,3.35,Delhi,2019,8,Monsoon
2019-08-31,38.6,12.4,60.0,0.71,Delhi,2019,8,Monsoon
2019-09-01,30.9,9.6,67.3,1.51,Delhi,2019,9,Monsoon
2019-09-02,33.9,7.0,67.3,2.72,Delhi,2019,9,Monsoon
2019-09-03,36.7,10.7,67.3,4.57,Delhi,2019,9,Monsoon
2019-09-04,30.5,15.6,67.3,3.6,Delhi,2019,9,Monsoon
2019-09-05,31.8,7.5,67.3,1.7,Delhi,2019,9,Monsoon
2019-09-06,33.0,4.1,67.3,0.03,Delhi,2019,9,Monsoon
2019-09-07,34.1,12.4,67.3,3.43,Delhi,2019,9,Monsoon
2019-09-08,31.4,7.5,67.3,1.68,Delhi,2019,9,Monsoon
2019-09-09,26.8,0.0,67.3,6.63,Delhi,2019,9,Monsoon
2019-09-10,35.2,11.4,67.3,0.12,Delhi,2019,9,Monsoon
2019-09-11,34.0,5.9,67.3,4.4,Delhi,2019,9,Monsoon
2019-09-12,29.0,7.6,67.3,14.19,Delhi,2019,9,Monsoon
2019-09-13,31.3,9.3,67.3,0.96,Delhi,2019,9,Monsoon
2019-09-14,35.6,8.8,67.3,3.19,Delhi,2019,9,Monsoon
2019-09-15,35.4,10.8,67.3,0.48,Delhi,2019,9,Monsoon
2019-09-16,34.4,6.3,67.3,4.91,Delhi,2019,9,Monsoon
2019-09-17,32.1,10.1,67.3,4.0,Delhi,2019,9,Monsoon
2019-09-18,32.7,7.0,67.3,2.62,Delhi,2019,9,Monsoon
2019-09-19,32.2,11.0,67.3,3.68,Delhi,2019,9,Monsoon
2019-09-20,34.8,10.5,67.3,11.34,Delhi,2019,9,Monsoon
2019-09-21,30.7,4.3,67.3,1.09,Delhi,2019,9,Monsoon
2019-09-22,30.9,12.3,67.3,0.11,Delhi,2019,9,Monsoon
2019-09-23,34.5,5.9,67.3,9.89,Delhi,2019,9,Monsoon
2019-09-24,32.4,11.2,67.3,4.3,Delhi,2019,9,Monsoon
2019-09-25,35.3,9.5,67.3,11.07,Delhi,2019,9,Monsoon
2019-09-26,31.2,15.4,67.3,4.54,Delhi,2019,9,Monsoon
2019-09-27,32.4,7.1,67.3,8.31,Delhi,2019,9,Monsoon
2019-09-28,30.7,6.6,67.3,2.81,Delhi,2019,9,Monsoon
2019-09-29,32.5,7.9,67.3,6.93,Delhi,2019,9,Monsoon
2019-09-30,29.5,6.8,67.3,12.21,Delhi,2019,9,Monsoon
2019-10-01,24.0,11.2,70.0,0.0,Delhi,2019,10,Post-Monsoon
2019-10-02,22.1,1.5,70.0,0.0,Delhi,2019,10,Post-Monsoon
2019-10-03,26.4,3.8,70.0,0.0,Delhi,2019,10,Post-Monsoon
2019-10-04,26.4,3.7,70.0,0.0,Delhi,2019,10,Post-Monsoon
2019-10-05,21.5,11.8,70.0,0.0,Delhi,2019,10,Post-Monsoon
2019-10-06,27.7,14.8,70.0,0.0,Delhi,2019,10,Post-Monsoon
2019-10-07,30.0,7.6,70.0,0.0,Delhi,2019,10,Post-Monsoon
2019-10-08,25.1,7.3,70.0,0.0,Delhi,2019,10,Post-Monsoon
2019-10-09,23.7,8.3,70.0,0.0,Delhi,2019,10,Post-Monsoon
2019-10-10,30.6,12.6,70.0,0.0,Delhi,2019,10,Post-Monsoon
2019-10-11,22.4,4.3,70.0,0.0,Delhi,2019,10,Post-Monsoon
2019-10-12,25.0,9.0,70.0,0.0,Delhi,2019,10,Post-Monsoon
2019-10-13,25.4,11.9,70.0,0.0,Delhi,2019,10,Post-Monsoon
2019-10-14,27.7,10.0,70.0,0.0,Delhi,2019,10,Post-Monsoon
2019-10-15,25.7,8.8,70.0,0.0,Delhi,2019,10,Post-Monsoon
2019-10-16,24.0,12.0,70.0,0.0,Delhi,2019,10,Post-Monsoon
2019-10-17,23.1,0.0,70.0,0.0,Delhi,2019,10,Post-Monsoon
2019-10-18,24.3,10.7,70.0,0.0,Delhi,2019,10,Post-Monsoon
2019-10-19,23.0,5.4,70.0,0.0,Delhi,2019,10,Post-Monsoon
2019-10-20,25.1,0.7,70.0,0.0,Delhi,2019,10,Post-Monsoon
2019-10-21,23.9,10.0,70.0,0.0,Delhi,2019,10,Post-Monsoon
2019-10-22,22.0,13.5,70.0,0.0,Delhi,2019,10,Post-Monsoon
2019-10-23,27.5,7.5,70.0,0.0,Delhi,2019,10,Post-Monsoon
2019-10-24,24.0,11.8,70.0,0.0,Delhi,2019,10,Post-Monsoon
2019-10-25,22.5,14.4,70.0,0.0,Delhi,2019,10,Post-Monsoon
2019-10-26,24.7,13.3,70.0,0.0,Delhi,2019,10,Post-Monsoon
2019-10-27,25.1,14.6,70.0,0.0,Delhi,2019,10,Post-Monsoon
2019-10-28,21.5,11.0,70.0,0.0,Delhi,2019,10,Post-Monsoon
2019-10-29,25.7,8.3,70.0,0.0,Delhi,2019,10,Post-Monsoon
2019-10-30,22.9,1.6,70.0,0.0,Delhi,2019,10,Post-Monsoon
2019-10-31,28.4,7.0,70.0,0.0,Delhi,2019,10,Post-Monsoon
2019-11-01,18.5,4.6,67.3,0.0,Delhi,2019,11,Post-Monsoon
2019-11-02,16.7,16.7,67.3,0.0,Delhi,2019,11,Post-Monsoon
2019-11-03,16.0,7.3,67.3,0.0,Delhi,2019,11,Post-Monsoon
2019-11-04,17.3,8.5,67.3,0.0,Delhi,2019,11,Post-Monsoon
2019-11-05,18.7,10.2,67.3,0.0,Delhi,2019,11,Post-Monsoon
2019-11-06,17.4,8.2,67.3,0.0,Delhi,2019,11,Post-Monsoon
2019-11-07,17.1,14.8,67.3,0.0,Delhi,2019,11,Post-Monsoon
2019-11-08,17.6,5.5,67.3,0.0,Delhi,2019,11,Post-Monsoon
2019-11-09,16.3,8.8,67.3,0.0,Delhi,2019,11,Post-Monsoon
2019-11-10,16.8,5.0,67.3,0.0,Delhi,2019,11,Post-Monsoon
2019-11-11,13.3,2.7,67.3,0.0,Delhi,2019,11,Post-Monsoon
2019-11-12,19.4,5.6,67.3,0.0,Delhi,2019,11,Post-Monsoon
2019-11-13,18.1,7.9,67.3,0.0,Delhi,2019,11,Post-Monsoon
2019-11-14,16.0,6.3,67.3,0.0,Delhi,2019,11,Post-Monsoon
2019-11-15,21.3,5.2,67.3,0.0,Delhi,2019,11,Post-Monsoon
2019-11-16,17.7,2.4,67.3,0.0,Delhi,2019,11,Post-Monsoon
2019-11-17,15.4,7.7,67.3,0.0,Delhi,2019,11,Post-Monsoon
2019-11-18,19.2,2.0,67.3,0.0,Delhi,2019,11,Post-Monsoon
2019-11-19,18.3,11.0,67.3,0.0,Delhi,2019,11,Post-Monsoon
2019-11-20,18.3,8.3,67.3,0.0,Delhi,2019,11,Post-Monsoon
2019-11-21,16.6,2.2,67.3,0.0,Delhi,2019,11,Post-Monsoon
2019-11-22,18.4,6.8,67.3,0.0,Delhi,2019,11,Post-Monsoon
2019-11-23,17.0,5.0,67.3,0.0,Delhi,2019,11,Post-Monsoon
2019-11-24,18.6,9.3,67.3,0.0,Delhi,2019,11,Post-Monsoon
2019-11-25,13.7,13.4,67.3,0.0,Delhi,2019,11,Post-Monsoon
2019-11-26,16.6,0.5,67.3,0.0,Delhi,2019,11,Post-Monsoon
2019-11-27,20.9,8.5,67.3,0.0,Delhi,2019,11,Post-Monsoon
2019-11-28,16.0,7.4,67.3,0.0,Delhi,2019,11,Post-Monsoon
2019-11-29,16.3,10.7,67.3,0.0,Delhi,2019,11,Post-Monsoon
2019-11-30,16.6,8.9,67.3,0.0,Delhi,2019,11,Post-Monsoon
2019-12-01,9.6,5.0,60.0,0.0,Delhi,2019,12,Winter
2019-12-02,7.6,6.7,60.0,0.0,Delhi,2019,12,Winter
2019-12-03,11.5,4.8,60.0,0.0,Delhi,2019,12,Winter
2019-12-04,12.3,12.3,60.0,0.0,Delhi,2019,12,Winter
2019-12-05,11.9,8.1,60.0,0.0,Delhi,2019,12,Winter
2019-12-06,11.7,15.6,60.0,0.0,Delhi,2019,12,Winter
2019-12-07,12.1,7.8,60.0,0.0,Delhi,2019,12,Winter
2019-12-08,14.1,5.2,60.0,0.0,Delhi,2019,12,Winter
2019-12-09,11.6,1.9,60.0,0.0,Delhi,2019,12,Winter
2019-12-10,10.9,0.8,60.0,0.0,Delhi,2019,12,Winter
2019-12-11,11.4,1.7,60.0,0.0,Delhi,2019,12,Winter
2019-12-12,13.2,9.1,60.0,0.0,Delhi,2019,12,Winter
2019-12-13,14.8,10.0,60.0,0.0,Delhi,2019,12,Winter
2019-12-14,10.8,1.7,60.0,0.0,Delhi,2019,12,Winter
2019-12-15,12.2,11.6,60.0,0.0,Delhi,2019,12,Winter
2019-12-16,12.7,6.1,60.0,0.0,Delhi,2019,12,Winter
2019-12-17,10.0,8.6,60.0,0.0,Delhi,2019,12,Winter
2019-12-18,12.1,14.4,60.0,0.0,Delhi,2019,12,Winter
2019-12-19,9.1,11.6,60.0,0.0,Delhi,2019,12,Winter
2019-12-20,8.5,6.9,60.0,0.0,Delhi,2019,12,Winter
2019-12-21,12.7,4.4,60.0,0.0,Delhi,2019,12,Winter
2019-12-22,11.2,0.0,60.0,0.0,Delhi,2019,12,Winter
2019-12-23,12.4,5.1,60.0,0.0,Delhi,2019,12,Winter
2019-12-24,12.0,7.2,60.0,0.0,Delhi,2019,12,Winter
2019-12-25,10.1,4.1,60.0,0.0,Delhi,2019,12,Winter
2019-12-26,11.9,7.5,60.0,0.0,Delhi,2019,12,Winter
2019-12-27,9.5,8.3,60.0,0.0,Delhi,2019,12,Winter
2019-12-28,14.8,7.1,60.0,0.0,Delhi,2019,12,Winter
2019-12-29,9.3,5.4,60.0,0.0,Delhi,2019,12,Winter
2019-12-30,11.6,8.7,60.0,0.0,Delhi,2019,12,Winter
2019-12-31,9.9,9.8,60.0,0.0,Delhi,2019,12,Winter
2020-01-01,11.1,3.6,50.0,0.0,Delhi,2020,1,Winter
2020-01-02,9.3,13.6,50.0,0.0,Delhi,2020,1,Winter
2020-01-03,9.0,7.6,50.0,0.0,Delhi,2020,1,Winter
2020-01-04,11.7,8.1,50.0,0.0,Delhi,2020,1,Winter
2020-01-05,10.1,10.8,50.0,0.0,Delhi,2020,1,Winter
2020-01-06,11.0,8.9,50.0,0.0,Delhi,2020,1,Winter
2020-01-07,8.0,11.8,50.0,0.0,Delhi,2020,1,Winter
2020-01-08,7.2,9.1,50.0,0.0,Delhi,2020,1,Winter
2020-01-09,10.2,5.6,50.0,0.0,Delhi,2020,1,Winter
2020-01-10,9.4,9.4,50.0,0.0,Delhi,2020,1,Winter
2020-01-11,11.3,3.4,50.0,0.0,Delhi,2020,1,Winter
2020-01-12,9.8,8.4,50.0,0.0,Delhi,2020,1,Winter
2020-01-13,10.4,7.9,50.0,0.0,Delhi,2020,1,Winter
2020-01-14,6.8,7.2,50.0,0.0,Delhi,2020,1,Winter
2020-01-15,13.8,7.5,50.0,0.0,Delhi,2020,1,Winter
2020-01-16,9.7,0.5,50.0,0.0,Delhi,2020,1,Winter
2020-01-17,11.4,5.8,50.0,0.0,Delhi,2020,1,Winter
2020-01-18,8.3,8.4,50.0,0.0,Delhi,2020,1,Winter
2020-01-19,10.6,8.6,50.0,0.0,Delhi,2020,1,Winter
2020-01-20,7.4,3.9,50.0,0.0,Delhi,2020,1,Winter
2020-01-21,10.9,13.1,50.0,0.0,Delhi,2020,1,Winter
2020-01-22,9.3,4.5,50.0,0.0,Delhi,2020,1,Winter
2020-01-23,10.1,11.9,50.0,0.0,Delhi,2020,1,Winter
2020-01-24,11.4,9.7,50.0,0.0,Delhi,2020,1,Winter
2020-01-25,7.5,5.4,50.0,0.0,Delhi,2020,1,Winter
2020-01-26,8.6,15.1,50.0,0.0,Delhi,2020,1,Winter
2020-01-27,10.9,3.2,50.0,0.0,Delhi,2020,1,Winter
2020-01-28,14.2,11.7,50.0,0.0,Delhi,2020,1,Winter
2020-01-29,9.7,12.0,50.0,0.0,Delhi,2020,1,Winter
2020-01-30,11.2,5.3,50.0,0.0,Delhi,2020,1,Winter
2020-01-31,9.8,13.6,50.0,0.0,Delhi,2020,1,Winter
2020-02-01,15.9,7.0,40.0,0.0,Delhi,2020,2,Winter
2020-02-02,8.5,9.2,40.0,0.0,Delhi,2020,2,Winter
2020-02-03,12.2,9.0,40.0,0.0,Delhi,2020,2,Winter
2020-02-04,8.8,7.5,40.0,0.0,Delhi,2020,2,Winter
2020-02-05,7.0,11.2,40.0,0.0,Delhi,2020,2,Winter
2020-02-06,12.6,11.2,40.0,0.0,Delhi,2020,2,Winter
2020-02-07,12.3,1.0,40.0,0.0,Delhi,2020,2,Winter
2020-02-08,11.4,13.2,40.0,0.0,Delhi,2020,2,Winter
2020-02-09,11.8,1.4,40.0,0.0,Delhi,2020,2,Winter
2020-02-10,18.2,12.1,40.0,0.0,Delhi,2020,2,Winter
2020-02-11,11.5,12.5,40.0,0.0,Delhi,2020,2,Winter
2020-02-12,13.0,3.6,40.0,0.0,Delhi,2020,2,Winter
2020-02-13,10.7,6.4,40.0,0.0,Delhi,2020,2,Winter
2020-02-14,12.6,3.6,40.0,0.0,Delhi,2020,2,Winter
2020-02-15,11.5,7.1,40.0,0.0,Delhi,2020,2,Winter
2020-02-16,11.2,6.8,40.0,0.0,Delhi,2020,2,Winter
2020-02-17,15.6,11.1,40.0,0.0,Delhi,2020,2,Winter
2020-02-18,14.4,13.2,40.0,0.0,Delhi,2020,2,Winter
2020-02-19,12.3,13.6,40.0,0.0,Delhi,2020,2,Winter
2020-02-20,7.4,5.8,40.0,0.0,Delhi,2020,2,Winter
2020-02-21,11.3,7.2,40.0,0.0,Delhi,2020,2,Winter
2020-02-22,17.4,1.3,40.0,0.0,Delhi,2020,2,Winter
2020-02-23,11.5,4.8,40.0,0.0,Delhi,2020,2,Winter
2020-02-24,14.2,11.9,40.0,0.0,Delhi,2020,2,Winter
2020-02-25,14.9,14.5,40.0,0.0,Delhi,2020,2,Winter
2020-02-26,12.4,3.1,40.0,0.0,Delhi,2020,2,Winter
2020-02-27,10.3,5.6,40.0,0.0,Delhi,2020,2,Winter
2020-02-28,7.1,7.9,40.0,0.0,Delhi,2020,2,Winter
2020-02-29,13.4,9.1,40.0,0.0,Delhi,2020,2,Winter
2020-03-01,15.9,4.8,32.7,0.0,Delhi,2020,3,Spring
2020-03-02,17.9,9.7,32.7,0.0,Delhi,2020,3,Spring
2020-03-03,15.0,6.1,32.7,0.0,Delhi,2020,3,Spring
2020-03-04,17.0,7.9,32.7,0.0,Delhi,2020,3,Spring
2020-03-05,17.6,10.2,32.7,0.0,Delhi,2020,3,Spring
2020-03-06,18.0,8.0,32.7,0.0,Delhi,2020,3,Spring
2020-03-07,15.3,6.3,32.7,0.0,Delhi,2020,3,Spring
2020-03-08,19.9,7.6,32.7,0.0,Delhi,2020,3,Spring
2020-03-09,16.3,7.6,32.7,0.0,Delhi,2020,3,Spring
2020-03-10,14.2,6.5,32.7,0.0,Delhi,2020,3,Spring
2020-03-11,17.3,7.0,32.7,0.0,Delhi,2020,3,Spring
2020-03-12,17.6,14.4,32.7,0.0,Delhi,2020,3,Spring
2020-03-13,17.8,10.2,32.7,0.0,Delhi,2020,3,Spring
2020-03-14,20.2,6.8,32.7,0.0,Delhi,2020,3,Spring
2020-03-15,17.0,10.8,32.7,0.0,Delhi,2020,3,Spring
2020-03-16,17.3,6.7,32.7,0.0,Delhi,2020,3,Spring
2020-03-17,15.3,12.7,32.7,0.0,Delhi,2020,3,Spring
2020-03-18,19.1,9.5,32.7,0.0,Delhi,2020,3,Spring
2020-03-19,17.9,7.6,32.7,0.0,Delhi,2020,3,Spring
2020-03-20,16.7,9.8,32.7,0.0,Delhi,2020,3,Spring
2020-03-21,13.7,1.7,32.7,0.0,Delhi,2020,3,Spring
2020-03-22,20.4,3.5,32.7,0.0,Delhi,2020,3,Spring
2020-03-23,15.0,3.2,32.7,0.0,Delhi,2020,3,Spring
2020-03-24,16.3,8.6,32.7,0.0,Delhi,2020,3,Spring
2020-03-25,18.2,14.9,32.7,0.0,Delhi,2020,3,Spring
2020-03-26,15.1,16.9,32.7,0.0,Delhi,2020,3,Spring
2020-03-27,14.5,10.6,32.7,0.0,Delhi,2020,3,Spring
2020-03-28,13.3,10.0,32.7,0.0,Delhi,2020,3,Spring
2020-03-29,18.9,0.8,32.7,0.0,Delhi,2020,3,Spring
2020-03-30,16.4,5.8,32.7,0.0,Delhi,2020,3,Spring
2020-03-31,23.4,4.8,32.7,0.0,Delhi,2020,3,Spring
2020-04-01,23.0,5.5,30.0,0.0,Delhi,2020,4,Spring
2020-04-02,23.2,7.3,30.0,0.0,Delhi,2020,4,Spring
2020-04-03,23.9,6.1,30.0,0.0,Delhi,2020,4,Spring
2020-04-04,25.5,0.1,30.0,0.0,Delhi,2020,4,Spring
2020-04-05,24.1,11.0,30.0,0.0,Delhi,2020,4,Spring
2020-04-06,26.2,3.7,30.0,0.0,Delhi,2020,4,Spring
2020-04-07,23.0,9.0,30.0,0.0,Delhi,2020,4,Spring
2020-04-08,22.2,16.3,30.0,0.0,Delhi,2020,4,Spring
2020-04-09,21.4,4.3,30.0,0.0,Delhi,2020,4,Spring
2020-04-10,20.6,0.0,30.0,0.0,Delhi,2020,4,Spring
2020-04-11,24.0,6.9,30.0,0.0,Delhi,2020,4,Spring
2020-04-12,24.4,12.4,30.0,0.0,Delhi,2020,4,Spring
2020-04-13,23.7,15.8,30.0,0.0,Delhi,2020,4,Spring
2020-04-14,27.5,3.1,30.0,0.0,Delhi,2020,4,Spring
2020-04-15,27.5,10.0,30.0,0.0,Delhi,2020,4,Spring
2020-04-16,24.3,6.1,30.0,0.0,Delhi,2020,4,Spring
2020-04-17,21.4,7.6,30.0,0.0,Delhi,2020,4,Spring
2020-04-18,23.9,18.6,30.0,0.0,Delhi,2020,4,Spring
2020-04-19,23.8,2.0,30.0,0.0,Delhi,2020,4,Spring
2020-04-20,23.7,9.0,30.0,0.0,Delhi,2020,4,Spring
2020-04-21,23.6,9.9,30.0,0.0,Delhi,2020,4,Spring
2020-04-22,23.7,12.3,30.0,0.0,Delhi,2020,4,Spring
2020-04-23,24.2,8.4,30.0,0.0,Delhi,2020,4,Spring
2020-04-24,23.7,9.2,30.0,0.0,Delhi,2020,4,Spring
2020-04-25,25.4,6.4,30.0,0.0,Delhi,2020,4,Spring
2020-04-26,25.7,9.1,30.0,0.0,Delhi,2020,4,Spring
2020-04-27,23.2,6.6,30.0,0.0,Delhi,2020,4,Spring
2020-04-28,27.5,10.5,30.0,0.0,Delhi,2020,4,Spring
2020-04-29,23.0,6.5,30.0,0.0,Delhi,2020,4,Spring
2020-04-30,21.8,9.5,30.0,0.0,Delhi,2020,4,Spring
2020-05-01,33.3,7.9,32.7,0.0,Delhi,2020,5,Spring
2020-05-02,30.9,12.5,32.7,0.0,Delhi,2020,5,Spring
2020-05-03,33.1,7.8,32.7,0.0,Delhi,2020,5,Spring
2020-05-04,27.7,0.9,32.7,0.0,Delhi,2020,5,Spring
2020-05-05,35.3,13.0,32.7,0.0,Delhi,2020,5,Spring
2020-05-06,33.8,4.4,32.7,0.0,Delhi,2020,5,Spring
2020-05-07,29.5,5.4,32.7,0.0,Delhi,2020,5,Spring
2020-05-08,29.5,5.6,32.7,0.0,Delhi,2020,5,Spring
2020-05-09,35.8,13.5,32.7,0.0,Delhi,2020,5,Spring
2020-05-10,31.0,0.0,32.7,0.0,Delhi,2020,5,Spring
2020-05-11,30.8,20.6,32.7,0.0,Delhi,2020,5,Spring
2020-05-12,28.0,12.2,32.7,0.0,Delhi,2020,5,Spring
2020-05-13,31.8,8.9,32.7,0.0,Delhi,2020,5,Spring
2020-05-14,32.0,7.8,32.7,0.0,Delhi,2020,5,Spring
2020-05-15,33.9,9.1,32.7,0.0,Delhi,2020,5,Spring
2020-05-16,29.7,10.1,32.7,0.0,Delhi,2020,5,Spring
2020-05-17,29.5,10.6,32.7,0.0,Delhi,2020,5,Spring
2020-05-18,33.4,10.2,32.7,0.0,Delhi,2020,5,Spring
2020-05-19,34.5,8.4,32.7,0.0,Delhi,2020,5,Spring
2020-05-20,29.4,7.2,32.7,0.0,Delhi,2020,5,Spring
2020-05-21,34.7,7.4,32.7,0.0,Delhi,2020,5,Spring
2020-05-22,32.6,7.2,32.7,0.0,Delhi,2020,5,Spring
2020-05-23,34.7,12.5,32.7,0.0,Delhi,2020,5,Spring
2020-05-24,32.4,10.4,32.7,0.0,Delhi,2020,5,Spring
2020-05-25,27.5,0.0,32.7,0.0,Delhi,2020,5,Spring
2020-05-26,32.2,10.6,32.7,0.0,Delhi,2020,5,Spring
2020-05-27,34.6,8.8,32.7,0.0,Delhi,2020,5,Spring
2020-05-28,30.7,7.9,32.7,0.0,Delhi,2020,5,Spring
2020-05-29,31.7,6.4,32.7,0.0,Delhi,2020,5,Spring
2020-05-30,32.1,12.5,32.7,0.0,Delhi,2020,5,Spring
2020-05-31,26.7,11.8,32.7,0.0,Delhi,2020,5,Spring
2020-06-01,41.3,4.9,40.0,1.34,Delhi,2020,6,Monsoon
2020-06-02,36.2,9.6,40.0,8.54,Delhi,2020,6,Monsoon
2020-06-03,39.0,4.1,40.0,2.06,Delhi,2020,6,Monsoon
2020-06-04,37.8,2.5,40.0,8.79,Delhi,2020,6,Monsoon
2020-06-05,40.5,5.5,40.0,0.0,Delhi,2020,6,Monsoon
2020-06-06,38.8,11.4,40.0,1.84,Delhi,2020,6,Monsoon
2020-06-07,37.5,11.8,40.0,1.38,Delhi,2020,6,Monsoon
2020-06-08,36.2,10.1,40.0,1.33,Delhi,2020,6,Monsoon
2020-06-09,39.6,10.9,40.0,0.35,Delhi,2020,6,Monsoon
2020-06-10,34.2,10.1,40.0,1.04,Delhi,2020,6,Monsoon
2020-06-11,39.3,5.4,40.0,4.05,Delhi,2020,6,Monsoon
2020-06-12,35.8,9.7,40.0,1.72,Delhi,2020,6,Monsoon
2020-06-13,40.5,11.2,40.0,2.7,Delhi,2020,6,Monsoon
2020-06-14,38.3,11.0,40.0,2.36,Delhi,2020,6,Monsoon
2020-06-15,39.3,12.8,40.0,10.43,Delhi,2020,6,Monsoon
2020-06-16,38.2,10.8,40.0,11.79,Delhi,2020,6,Monsoon
2020-06-17,34.5,9.4,40.0,3.4,Delhi,2020,6,Monsoon
2020-06-18,36.3,12.3,40.0,2.0,Delhi,2020,6,Monsoon
2020-06-19,39.3,7.9,40.0,0.56,Delhi,2020,6,Monsoon
2020-06-20,38.3,4.5,40.0,15.33,Delhi,2020,6,Monsoon
2020-06-21,40.4,7.3,40.0,0.31,Delhi,2020,6,Monsoon
2020-06-22,38.8,5.0,40.0,1.77,Delhi,2020,6,Monsoon
2020-06-23,36.1,5.3,40.0,1.77,Delhi,2020,6,Monsoon
2020-06-24,36.4,7.4,40.0,1.93,Delhi,2020,6,Monsoon
2020-06-25,38.2,4.8,40.0,0.9,Delhi,2020,6,Monsoon
2020-06-26,33.4,6.8,40.0,7.64,Delhi,2020,6,Monsoon
2020-06-27,41.3,0.4,40.0,0.65,Delhi,2020,6,Monsoon
2020-06-28,38.9,8.9,40.0,5.04,Delhi,2020,6,Monsoon
2020-06-29,40.4,8.0,40.0,0.66,Delhi,2020,6,Monsoon
2020-06-30,34.8,4.7,40.0,0.37,Delhi,2020,6,Monsoon
2020-07-01,42.5,10.6,50.0,12.01,Delhi,2020,7,Monsoon
2020-07-02,44.5,11.8,50.0,1.05,Delhi,2020,7,Monsoon
2020-07-03,37.4,1.6,50.0,8.61,Delhi,2020,7,Monsoon
2020-07-04,41.5,4.9,50.0,3.93,Delhi,2020,7,Monsoon
2020-07-05,40.0,4.9,50.0,0.41,Delhi,2020,7,Monsoon
2020-07-06,36.9,4.2,50.0,15.56,Delhi,2020,7,Monsoon
2020-07-07,41.0,11.3,50.0,1.42,Delhi,2020,7,Monsoon
2020-07-08,41.7,7.2,50.0,9.82,Delhi,2020,7,Monsoon
2020-07-09,38.8,6.9,50.0,0.92,Delhi,2020,7,Monsoon
2020-07-10,42.3,0.0,50.0,9.62,Delhi,2020,7,Monsoon
2020-07-11,36.7,10.5,50.0,0.07,Delhi,2020,7,Monsoon
2020-07-12,37.0,3.0,50.0,3.58,Delhi,2020,7,Monsoon
2020-07-13,40.3,8.2,50.0,7.34,Delhi,2020,7,Monsoon
2020-07-14,40.1,9.1,50.0,13.65,Delhi,2020,7,Monsoon
2020-07-15,38.6,13.4,50.0,12.0,Delhi,2020,7,Monsoon
2020-07-16,41.6,2.8,50.0,8.56,Delhi,2020,7,Monsoon
2020-07-17,41.1,0.0,50.0,10.95,Delhi,2020,7,Monsoon
2020-07-18,41.7,8.7,50.0,1.11,Delhi,2020,7,Monsoon
2020-07-19,39.8,15.2,50.0,1.67,Delhi,2020,7,Monsoon
2020-07-20,41.2,13.0,50.0,1.71,Delhi,2020,7,Monsoon
2020-07-21,39.1,8.8,50.0,2.37,Delhi,2020,7,Monsoon
2020-07-22,44.1,6.0,50.0,2.5,Delhi,2020,7,Monsoon
2020-07-23,38.4,11.2,50.0,3.93,Delhi,2020,7,Monsoon
2020-07-24,44.2,4.1,50.0,0.87,Delhi,2020,7,Monsoon
2020-07-25,40.1,9.9,50.0,5.88,Delhi,2020,7,Monsoon
2020-07-26,37.2,10.0,50.0,0.92,Delhi,2020,7,Monsoon
2020-07-27,42.7,12.2,50.0,1.86,Delhi,2020,7,Monsoon
2020-07-28,40.3,19.0,50.0,3.5,Delhi,2020,7,Monsoon
2020-07-29,41.7,9.6,50.0,7.96,Delhi,2020,7,Monsoon
2020-07-30,42.4,6.0,50.0,6.73,Delhi,2020,7,Monsoon
2020-07-31,40.7,7.9,50.0,5.19,Delhi,2020,7,Monsoon
2020-08-01,36.8,0.9,60.0,0.85,Delhi,2020,8,Monsoon
2020-08-02,39.9,5.2,60.0,3.96,Delhi,2020,8,Monsoon
2020-08-03,38.0,6.4,60.0,0.46,Delhi,2020,8,Monsoon
2020-08-04,39.4,5.9,60.0,2.37,Delhi,2020,8,Monsoon
2020-08-05,33.7,8.6,60.0,2.67,Delhi,2020,8,Monsoon
2020-08-06,38.9,4.7,60.0,0.2,Delhi,2020,8,Monsoon
2020-08-07,36.7,12.5,60.0,1.6,Delhi,2020,8,Monsoon
2020-08-08,41.3,8.0,60.0,15.58,Delhi,2020,8,Monsoon
2020-08-09,39.2,8.0,60.0,15.36,Delhi,2020,8,Monsoon
2020-08-10,38.5,6.7,60.0,2.17,Delhi,2020,8,Monsoon
2020-08-11,39.0,8.6,60.0,0.22,Delhi,2020,8,Monsoon
2020-08-12,36.0,11.3,60.0,0.99,Delhi,2020,8,Monsoon
2020-08-13,41.2,4.5,60.0,2.49,Delhi,2020,8,Monsoon
2020-08-14,42.0,5.4,60.0,14.76,Delhi,2020,8,Monsoon
2020-08-15,38.8,6.8,60.0,0.76,Delhi,2020,8,Monsoon
2020-08-16,41.2,2.6,60.0,7.21,Delhi,2020,8,Monsoon
2020-08-17,36.9,4.7,60.0,0.58,Delhi,2020,8,Monsoon
2020-08-18,36.4,6.1,60.0,19.88,Delhi,2020,8,Monsoon
2020-08-19,38.1,11.5,60.0,2.4,Delhi,2020,8,Monsoon
2020-08-20,38.9,9.1,60.0,7.46,Delhi,2020,8,Monsoon
2020-08-21,37.2,8.8,60.0,2.1,Delhi,2020,8,Monsoon
2020-08-22,39.1,11.4,60.0,4.94,Delhi,2020,8,Monsoon
2020-08-23,38.6,7.5,60.0,1.07,Delhi,2020,8,Monsoon
2020-08-24,36.0,9.6,60.0,0.79,Delhi,2020,8,Monsoon
2020-08-25,39.0,7.6,60.0,13.91,Delhi,2020,8,Monsoon
2020-08-26,39.7,9.1,60.0,12.48,Delhi,2020,8,Monsoon
2020-08-27,38.3,5.7,60.0,10.92,Delhi,2020,8,Monsoon
2020-08-28,40.3,0.0,60.0,4.91,Delhi,2020,8,Monsoon
2020-08-29,35.6,7.5,60.0,8.26,Delhi,2020,8,Monsoon
2020-08-30,38.9,13.7,60.0,0.36,Delhi,2020,8,Monsoon
2020-08-31,35.6,11.7,60.0,2.04,Delhi,2020,8,Monsoon
2020-09-01,30.3,11.9,67.3,1.88,Delhi,2020,9,Monsoon
2020-09-02,31.2,12.9,67.3,5.05,Delhi,2020,9,Monsoon
2020-09-03,30.6,8.4,67.3,2.2,Delhi,2020,9,Monsoon
2020-09-04,31.4,8.8,67.3,0.8,Delhi,2020,9,Monsoon
2020-09-05,32.1,5.5,67.3,4.54,Delhi,2020,9,Monsoon
2020-09-06,34.2,6.7,67.3,8.42,Delhi,2020,9,Monsoon
2020-09-07,31.9,10.5,67.3,2.41,Delhi,2020,9,Monsoon
2020-09-08,29.3,12.8,67.3,0.71,Delhi,2020,9,Monsoon
2020-09-09,34.8,7.4,67.3,1.1,Delhi,2020,9,Monsoon
2020-09-10,30.8,6.2,67.3,1.36,Delhi,2020,9,Monsoon
2020-09-11,32.4,8.0,67.3,1.78,Delhi,2020,9,Monsoon
2020-09-12,33.4,10.4,67.3,5.15,Delhi,2020,9,Monsoon
2020-09-13,32.9,2.2,67.3,4.59,Delhi,2020,9,Monsoon
2020-09-14,34.7,0.0,67.3,5.95,Delhi,2020,9,Monsoon
2020-09-15,33.5,5.8,67.3,2.25,Delhi,2020,9,Monsoon
2020-09-16,30.8,3.1,67.3,8.69,Delhi,2020,9,Monsoon
2020-09-17,36.9,6.0,67.3,1.14,Delhi,2020,9,Monsoon
2020-09-18,32.9,7.4,67.3,3.17,Delhi,2020,9,Monsoon
2020-09-19,32.2,6.2,67.3,8.07,Delhi,2020,9,Monsoon
2020-09-20,34.4,13.8,67.3,0.99,Delhi,2020,9,Monsoon
2020-09-21,33.0,9.3,67.3,0.58,Delhi,2020,9,Monsoon
2020-09-22,33.3,9.2,67.3,10.76,Delhi,2020,9,Monsoon
2020-09-23,37.5,10.5,67.3,2.1,Delhi,2020,9,Monsoon
2020-09-24,31.9,3.4,67.3,5.76,Delhi,2020,9,Monsoon
2020-09-25,31.9,12.2,67.3,0.13,Delhi,2020,9,Monsoon
2020-09-26,32.7,7.7,67.3,5.86,Delhi,2020,9,Monsoon
2020-09-27,34.6,10.7,67.3,1.9,Delhi,2020,9,Monsoon
2020-09-28,29.5,3.7,67.3,0.29,Delhi,2020,9,Monsoon
2020-09-29,28.6,1.8,67.3,4.71,Delhi,2020,9,Monsoon
2020-09-30,31.3,11.3,67.3,1.38,Delhi,2020,9,Monsoon
2020-10-01,21.7,9.5,70.0,0.0,Delhi,2020,10,Post-Monsoon
2020-10-02,24.2,4.4,70.0,0.0,Delhi,2020,10,Post-Monsoon
2020-10-03,26.0,4.5,70.0,0.0,Delhi,2020,10,Post-Monsoon
2020-10-04,23.2,12.5,70.0,0.0,Delhi,2020,10,Post-Monsoon
2020-10-05,22.1,3.2,70.0,0.0,Delhi,2020,10,Post-Monsoon
2020-10-06,25.1,14.6,70.0,0.0,Delhi,2020,10,Post-Monsoon
2020-10-07,26.7,4.4,70.0,0.0,Delhi,2020,10,Post-Monsoon
2020-10-08,21.6,10.6,70.0,0.0,Delhi,2020,10,Post-Monsoon
2020-10-09,26.6,6.7,70.0,0.0,Delhi,2020,10,Post-Monsoon
2020-10-10,26.6,10.4,70.0,0.0,Delhi,2020,10,Post-Monsoon
2020-10-11,26.9,5.8,70.0,0.0,Delhi,2020,10,Post-Monsoon
2020-10-12,27.4,7.3,70.0,0.0,Delhi,2020,10,Post-Monsoon
2020-10-13,29.4,8.2,70.0,0.0,Delhi,2020,10,Post-Monsoon
2020-10-14,24.3,4.0,70.0,0.0,Delhi,2020,10,Post-Monsoon
2020-10-15,25.2,11.0,70.0,0.0,Delhi,2020,10,Post-Monsoon
2020-10-16,24.2,5.9,70.0,0.0,Delhi,2020,10,Post-Monsoon
2020-10-17,25.0,7.1,70.0,0.0,Delhi,2020,10,Post-Monsoon
2020-10-18,28.1,4.0,70.0,0.0,Delhi,2020,10,Post-Monsoon
2020-10-19,22.3,0.0,70.0,0.0,Delhi,2020,10,Post-Monsoon
2020-10-20,23.3,7.2,70.0,0.0,Delhi,2020,10,Post-Monsoon
2020-10-21,27.8,17.7,70.0,0.0,Delhi,2020,10,Post-Monsoon
2020-10-22,27.0,11.1,70.0,0.0,Delhi,2020,10,Post-Monsoon
2020-10-23,24.3,7.9,70.0,0.0,Delhi,2020,10,Post-Monsoon
2020-10-24,26.7,6.9,70.0,0.0,Delhi,2020,10,Post-Monsoon
2020-10-25,25.7,8.1,70.0,0.0,Delhi,2020,10,Post-Monsoon
2020-10-26,28.0,10.2,70.0,0.0,Delhi,2020,10,Post-Monsoon
2020-10-27,25.1,3.3,70.0,0.0,Delhi,2020,10,Post-Monsoon
2020-10-28,27.1,12.5,70.0,0.0,Delhi,2020,10,Post-Monsoon
2020-10-29,30.3,10.9,70.0,0.0,Delhi,2020,10,Post-Monsoon
2020-10-30,26.2,10.9,70.0,0.0,Delhi,2020,10,Post-Monsoon
2020-10-31,25.1,9.8,70.0,0.0,Delhi,2020,10,Post-Monsoon
2020-11-01,18.9,8.1,67.3,0.0,Delhi,2020,11,Post-Monsoon
2020-11-02,16.8,10.7,67.3,0.0,Delhi,2020,11,Post-Monsoon
2020-11-03,22.3,10.4,67.3,0.0,Delhi,2020,11,Post-Monsoon
2020-11-04,17.9,6.6,67.3,0.0,Delhi,2020,11,Post-Monsoon
2020-11-05,17.0,5.7,67.3,0.0,Delhi,2020,11,Post-Monsoon
2020-11-06,15.8,8.4,67.3,0.0,Delhi,2020,11,Post-Monsoon
2020-11-07,19.7,14.2,67.3,0.0,Delhi,2020,11,Post-Monsoon
2020-11-08,19.2,3.0,67.3,0.0,Delhi,2020,11,Post-Monsoon
2020-11-09,16.5,2.1,67.3,0.0,Delhi,2020,11,Post-Monsoon
2020-11-10,18.7,8.7,67.3,0.0,Delhi,2020,11,Post-Monsoon
2020-11-11,14.5,8.2,67.3,0.0,Delhi,2020,11,Post-Monsoon
2020-11-12,17.9,8.7,67.3,0.0,Delhi,2020,11,Post-Monsoon
2020-11-13,18.4,9.0,67.3,0.0,Delhi,2020,11,Post-Monsoon
2020-11-14,20.9,7.1,67.3,0.0,Delhi,2020,11,Post-Monsoon
2020-11-15,16.0,14.0,67.3,0.0,Delhi,2020,11,Post-Monsoon
2020-11-16,14.9,1.6,67.3,0.0,Delhi,2020,11,Post-Monsoon
2020-11-17,15.7,4.7,67.3,0.0,Delhi,2020,11,Post-Monsoon
2020-11-18,14.8,7.6,67.3,0.0,Delhi,2020,11,Post-Monsoon
2020-11-19,20.2,1.4,67.3,0.0,Delhi,2020,11,Post-Monsoon
2020-11-20,20.6,7.3,67.3,0.0,Delhi,2020,11,Post-Monsoon
2020-11-21,18.1,14.6,67.3,0.0,Delhi,2020,11,Post-Monsoon
2020-11-22,19.9,8.1,67.3,0.0,Delhi,2020,11,Post-Monsoon
2020-11-23,17.8,8.9,67.3,0.0,Delhi,2020,11,Post-Monsoon
2020-11-24,17.3,3.0,67.3,0.0,Delhi,2020,11,Post-Monsoon
2020-11-25,16.8,5.5,67.3,0.0,Delhi,2020,11,Post-Monsoon
2020-11-26,16.9,6.5,67.3,0.0,Delhi,2020,11,Post-Monsoon
2020-11-27,14.4,6.7,67.3,0.0,Delhi,2020,11,Post-Monsoon
2020-11-28,18.0,13.1,67.3,0.0,Delhi,2020,11,Post-Monsoon
2020-11-29,17.4,10.2,67.3,0.0,Delhi,2020,11,Post-Monsoon
2020-11-30,19.0,3.6,67.3,0.0,Delhi,2020,11,Post-Monsoon
2020-12-01,12.2,9.0,60.0,0.0,Delhi,2020,12,Winter
2020-12-02,11.7,10.0,60.0,0.0,Delhi,2020,12,Winter
2020-12-03,10.3,12.6,60.0,0.0,Delhi,2020,12,Winter
2020-12-04,12.2,14.3,60.0,0.0,Delhi,2020,12,Winter
2020-12-05,13.5,3.9,60.0,0.0,Delhi,2020,12,Winter
2020-12-06,9.7,4.8,60.0,0.0,Delhi,2020,12,Winter
2020-12-07,12.2,3.0,60.0,0.0,Delhi,2020,12,Winter
2020-12-08,12.5,7.1,60.0,0.0,Delhi,2020,12,Winter
2020-12-09,10.6,9.9,60.0,0.0,Delhi,2020,12,Winter
2020-12-10,10.8,11.9,60.0,0.0,Delhi,2020,12,Winter
2020-12-11,12.5,7.7,60.0,0.0,Delhi,2020,12,Winter
2020-12-12,9.7,6.7,60.0,0.0,Delhi,2020,12,Winter
2020-12-13,12.7,8.6,60.0,0.0,Delhi,2020,12,Winter
2020-12-14,10.2,4.7,60.0,0.0,Delhi,2020,12,Winter
2020-12-15,14.1,16.4,60.0,0.0,Delhi,2020,12,Winter
2020-12-16,16.7,1.6,60.0,0.0,Delhi,2020,12,Winter
2020-12-17,10.3,8.7,60.0,0.0,Delhi,2020,12,Winter
2020-12-18,13.1,16.1,60.0,0.0,Delhi,2020,12,Winter
2020-12-19,10.6,8.0,60.0,0.0,Delhi,2020,12,Winter
2020-12-20,14.1,7.2,60.0,0.0,Delhi,2020,12,Winter
2020-12-21,9.5,6.6,60.0,0.0,Delhi,2020,12,Winter
2020-12-22,13.0,7.3,60.0,0.0,Delhi,2020,12,Winter
2020-12-23,10.3,13.5,60.0,0.0,Delhi,2020,12,Winter
2020-12-24,11.6,0.0,60.0,0.0,Delhi,2020,12,Winter
2020-12-25,9.9,14.1,60.0,0.0,Delhi,2020,12,Winter
2020-12-26,13.7,2.3,60.0,0.0,Delhi,2020,12,Winter
2020-12-27,10.3,6.9,60.0,0.0,Delhi,2020,12,Winter
2020-12-28,13.1,6.3,60.0,0.0,Delhi,2020,12,Winter
2020-12-29,11.3,10.4,60.0,0.0,Delhi,2020,12,Winter
2020-12-30,11.8,1.6,60.0,0.0,Delhi,2020,12,Winter
2020-12-31,12.3,9.8,60.0,0.0,Delhi,2020,12,Winter
2015-01-01,21.3,11.5,67.5,0.0,Bengaluru,2015,1,Winter
2015-01-02,23.1,9.6,67.5,0.0,Bengaluru,2015,1,Winter
2015-01-03,21.8,11.9,67.5,0.0,Bengaluru,2015,1,Winter
2015-01-04,21.5,14.6,67.5,0.0,Bengaluru,2015,1,Winter
2015-01-05,20.1,9.3,67.5,0.0,Bengaluru,2015,1,Winter
2015-01-06,20.8,9.3,67.5,0.0,Bengaluru,2015,1,Winter
2015-01-07,22.5,14.7,67.5,0.0,Bengaluru,2015,1,Winter
2015-01-08,17.3,12.3,67.5,0.0,Bengaluru,2015,1,Winter
2015-01-09,19.3,8.6,67.5,0.0,Bengaluru,2015,1,Winter
2015-01-10,18.5,11.6,67.5,0.0,Bengaluru,2015,1,Winter
2015-01-11,20.8,8.6,67.5,0.0,Bengaluru,2015,1,Winter
2015-01-12,22.5,8.6,67.5,0.0,Bengaluru,2015,1,Winter
2015-01-13,18.8,10.7,67.5,0.0,Bengaluru,2015,1,Winter
2015-01-14,15.2,4.3,67.5,0.0,Bengaluru,2015,1,Winter
2015-01-15,19.2,4.8,67.5,0.0,Bengaluru,2015,1,Winter
2015-01-16,21.8,8.3,67.5,0.0,Bengaluru,2015,1,Winter
2015-01-17,21.1,7.0,67.5,0.0,Bengaluru,2015,1,Winter
2015-01-18,20.9,10.9,67.5,0.0,Bengaluru,2015,1,Winter
2015-01-19,19.4,7.3,67.5,0.0,Bengaluru,2015,1,Winter
2015-01-20,17.4,5.8,67.5,0.0,Bengaluru,2015,1,Winter
2015-01-21,21.0,14.4,67.5,0.0,Bengaluru,2015,1,Winter
2015-01-22,18.3,9.3,67.5,0.0,Bengaluru,2015,1,Winter
2015-01-23,24.4,10.2,67.5,0.0,Bengaluru,2015,1,Winter
2015-01-24,21.1,5.7,67.5,0.0,Bengaluru,2015,1,Winter
2015-01-25,18.8,8.4,67.5,0.0,Bengaluru,2015,1,Winter
2015-01-26,18.8,10.3,67.5,0.0,Bengaluru,2015,1,Winter
2015-01-27,19.8,6.5,67.5,0.0,Bengaluru,2015,1,Winter
2015-01-28,19.5,11.1,67.5,0.0,Bengaluru,2015,1,Winter
2015-01-29,22.2,8.2,67.5,0.0,Bengaluru,2015,1,Winter
2015-01-30,20.4,9.1,67.5,0.0,Bengaluru,2015,1,Winter
2015-01-31,18.5,8.2,67.5,0.0,Bengaluru,2015,1,Winter
2015-02-01,24.3,15.6,60.0,0.0,Bengaluru,2015,2,Winter
2015-02-02,20.6,10.0,60.0,0.0,Bengaluru,2015,2,Winter
2015-02-03,22.1,6.8,60.0,0.0,Bengaluru,2015,2,Winter
2015-02-04,19.3,12.5,60.0,0.0,Bengaluru,2015,2,Winter
2015-02-05,21.3,6.3,60.0,0.0,Bengaluru,2015,2,Winter
2015-02-06,21.2,10.6,60.0,0.0,Bengaluru,2015,2,Winter
2015-02-07,16.8,4.1,60.0,0.0,Bengaluru,2015,2,Winter
2015-02-08,24.6,6.0,60.0,0.0,Bengaluru,2015,2,Winter
2015-02-09,23.1,10.6,60.0,0.0,Bengaluru,2015,2,Winter
2015-02-10,19.7,12.2,60.0,0.0,Bengaluru,2015,2,Winter
2015-02-11,18.3,10.5,60.0,0.0,Bengaluru,2015,2,Winter
2015-02-12,21.2,9.7,60.0,0.0,Bengaluru,2015,2,Winter
2015-02-13,20.7,9.1,60.0,0.0,Bengaluru,2015,2,Winter
2015-02-14,21.2,5.6,60.0,0.0,Bengaluru,2015,2,Winter
2015-02-15,20.9,7.8,60.0,0.0,Bengaluru,2015,2,Winter
2015-02-16,21.5,8.6,60.0,0.0,Bengaluru,2015,2,Winter
2015-02-17,23.4,13.2,60.0,0.0,Bengaluru,2015,2,Winter
2015-02-18,21.7,11.0,60.0,0.0,Bengaluru,2015,2,Winter
2015-02-19,18.4,4.7,60.0,0.0,Bengaluru,2015,2,Winter
2015-02-20,23.3,11.0,60.0,0.0,Bengaluru,2015,2,Winter
2015-02-21,23.8,8.8,60.0,0.0,Bengaluru,2015,2,Winter
2015-02-22,26.8,8.0,60.0,0.0,Bengaluru,2015,2,Winter
2015-02-23,18.3,11.8,60.0,0.0,Bengaluru,2015,2,Winter
2015-02-24,21.0,13.1,60.0,0.0,Bengaluru,2015,2,Winter
2015-02-25,16.4,12.8,60.0,0.0,Bengaluru,2015,2,Winter
2015-02-26,21.6,7.5,60.0,0.0,Bengaluru,2015,2,Winter
2015-02-27,19.4,9.1,60.0,0.0,Bengaluru,2015,2,Winter
2015-02-28,24.4,11.0,60.0,0.0,Bengaluru,2015,2,Winter
2015-03-01,20.5,12.9,52.5,0.0,Bengaluru,2015,3,Spring
2015-03-02,18.6,8.6,52.5,0.0,Bengaluru,2015,3,Spring
2015-03-03,21.1,9.4,52.5,0.0,Bengaluru,2015,3,Spring
2015-03-04,18.0,6.7,52.5,0.0,Bengaluru,2015,3,Spring
2015-03-05,23.5,6.4,52.5,0.0,Bengaluru,2015,3,Spring
2015-03-06,17.9,12.4,52.5,0.0,Bengaluru,2015,3,Spring
2015-03-07,22.1,14.1,52.5,0.0,Bengaluru,2015,3,Spring
2015-03-08,17.8,9.8,52.5,0.0,Bengaluru,2015,3,Spring
2015-03-09,21.4,13.0,52.5,0.0,Bengaluru,2015,3,Spring
2015-03-10,25.3,11.1,52.5,0.0,Bengaluru,2015,3,Spring
2015-03-11,22.7,8.1,52.5,0.0,Bengaluru,2015,3,Spring
2015-03-12,20.3,11.1,52.5,0.0,Bengaluru,2015,3,Spring
2015-03-13,21.9,14.6,52.5,0.0,Bengaluru,2015,3,Spring
2015-03-14,22.0,9.9,52.5,0.0,Bengaluru,2015,3,Spring
2015-03-15,22.9,14.7,52.5,0.0,Bengaluru,2015,3,Spring
2015-03-16,19.3,2.1,52.5,0.0,Bengaluru,2015,3,Spring
2015-03-17,23.2,12.5,52.5,0.0,Bengaluru,2015,3,Spring
2015-03-18,16.6,10.3,52.5,0.0,Bengaluru,2015,3,Spring
2015-03-19,20.7,9.1,52.5,0.0,Bengaluru,2015,3,Spring
2015-03-20,21.0,10.3,52.5,0.0,Bengaluru,2015,3,Spring
2015-03-21,23.3,4.0,52.5,0.0,Bengaluru,2015,3,Spring
2015-03-22,22.0,9.3,52.5,0.0,Bengaluru,2015,3,Spring
2015-03-23,19.2,11.1,52.5,0.0,Bengaluru,2015,3,Spring
2015-03-24,20.0,14.4,52.5,0.0,Bengaluru,2015,3,Spring
2015-03-25,22.4,8.4,52.5,0.0,Bengaluru,2015,3,Spring
2015-03-26,21.8,7.6,52.5,0.0,Bengaluru,2015,3,Spring
2015-03-27,20.8,8.5,52.5,0.0,Bengaluru,2015,3,Spring
2015-03-28,21.0,12.7,52.5,0.0,Bengaluru,2015,3,Spring
2015-03-29,23.4,11.0,52.5,0.0,Bengaluru,2015,3,Spring
2015-03-30,21.0,8.4,52.5,0.0,Bengaluru,2015,3,Spring
2015-03-31,21.8,11.5,52.5,0.0,Bengaluru,2015,3,Spring
2015-04-01,28.3,10.3,47.0,0.0,Bengaluru,2015,4,Spring
2015-04-02,21.2,12.9,47.0,0.0,Bengaluru,2015,4,Spring
2015-04-03,20.3,7.9,47.0,0.0,Bengaluru,2015,4,Spring
2015-04-04,25.6,9.0,47.0,0.0,Bengaluru,2015,4,Spring
2015-04-05,22.6,8.8,47.0,0.0,Bengaluru,2015,4,Spring
2015-04-06,23.4,5.6,47.0,0.0,Bengaluru,2015,4,Spring
2015-04-07,22.4,10.9,47.0,0.0,Bengaluru,2015,4,Spring
2015-04-08,23.5,10.8,47.0,0.0,Bengaluru,2015,4,Spring
2015-04-09,27.2,10.0,47.0,0.0,Bengaluru,2015,4,Spring
2015-04-10,25.6,9.3,47.0,0.0,Bengaluru,2015,4,Spring
2015-04-11,25.7,5.8,47.0,0.0,Bengaluru,2015,4,Spring
2015-04-12,21.2,8.7,47.0,0.0,Bengaluru,2015,4,Spring
2015-04-13,21.7,9.0,47.0,0.0,Bengaluru,2015,4,Spring
2015-04-14,18.3,7.6,47.0,0.0,Bengaluru,2015,4,Spring
2015-04-15,22.4,9.5,47.0,0.0,Bengaluru,2015,4,Spring
2015-04-16,25.9,11.2,47.0,0.0,Bengaluru,2015,4,Spring
2015-04-17,25.0,15.7,47.0,0.0,Bengaluru,2015,4,Spring
2015-04-18,23.6,10.5,47.0,0.0,Bengaluru,2015,4,Spring
2015-04-19,24.0,10.8,47.0,0.0,Bengaluru,2015,4,Spring
2015-04-20,22.6,9.8,47.0,0.0,Bengaluru,2015,4,Spring
2015-04-21,24.4,4.2,47.0,0.0,Bengaluru,2015,4,Spring
2015-04-22,25.5,9.9,47.0,0.0,Bengaluru,2015,4,Spring
2015-04-23,20.8,10.2,47.0,0.0,Bengaluru,2015,4,Spring
2015-04-24,24.6,17.4,47.0,0.0,Bengaluru,2015,4,Spring
2015-04-25,25.9,9.4,47.0,0.0,Bengaluru,2015,4,Spring
2015-04-26,23.2,10.9,47.0,0.0,Bengaluru,2015,4,Spring
2015-04-27,25.4,9.9,47.0,0.0,Bengaluru,2015,4,Spring
2015-04-28,29.6,6.5,47.0,0.0,Bengaluru,2015,4,Spring
2015-04-29,23.8,13.4,47.0,0.0,Bengaluru,2015,4,Spring
2015-04-30,24.8,12.3,47.0,0.0,Bengaluru,2015,4,Spring
2015-05-01,24.5,12.4,45.0,0.0,Bengaluru,2015,5,Spring
2015-05-02,26.4,7.3,45.0,0.0,Bengaluru,2015,5,Spring
2015-05-03,26.9,14.2,45.0,0.0,Bengaluru,2015,5,Spring
2015-05-04,26.4,5.8,45.0,0.0,Bengaluru,2015,5,Spring
2015-05-05,24.0,11.8,45.0,0.0,Bengaluru,2015,5,Spring
2015-05-06,26.4,16.6,45.0,0.0,Bengaluru,2015,5,Spring
2015-05-07,28.9,7.0,45.0,0.0,Bengaluru,2015,5,Spring
2015-05-08,26.9,8.3,45.0,0.0,Bengaluru,2015,5,Spring
2015-05-09,27.9,10.3,45.0,0.0,Bengaluru,2015,5,Spring
2015-05-10,25.5,8.5,45.0,0.0,Bengaluru,2015,5,Spring
2015-05-11,27.5,5.3,45.0,0.0,Bengaluru,2015,5,Spring
2015-05-12,26.6,10.2,45.0,0.0,Bengaluru,2015,5,Spring
2015-05-13,24.1,6.8,45.0,0.0,Bengaluru,2015,5,Spring
2015-05-14,26.6,11.4,45.0,0.0,Bengaluru,2015,5,Spring
2015-05-15,24.0,7.2,45.0,0.0,Bengaluru,2015,5,Spring
2015-05-16,24.7,14.6,45.0,0.0,Bengaluru,2015,5,Spring
2015-05-17,26.4,7.7,45.0,0.0,Bengaluru,2015,5,Spring
2015-05-18,26.6,9.0,45.0,0.0,Bengaluru,2015,5,Spring
2015-05-19,23.6,12.4,45.0,0.0,Bengaluru,2015,5,Spring
2015-05-20,28.1,6.3,45.0,0.0,Bengaluru,2015,5,Spring
2015-05-21,27.1,10.7,45.0,0.0,Bengaluru,2015,5,Spring
2015-05-22,24.6,13.9,45.0,0.0,Bengaluru,2015,5,Spring
2015-05-23,22.9,5.2,45.0,0.0,Bengaluru,2015,5,Spring
2015-05-24,25.7,10.6,45.0,0.0,Bengaluru,2015,5,Spring
2015-05-25,25.1,10.8,45.0,0.0,Bengaluru,2015,5,Spring
2015-05-26,26.2,12.3,45.0,0.0,Bengaluru,2015,5,Spring
2015-05-27,25.3,6.3,45.0,0.0,Bengaluru,2015,5,Spring
2015-05-28,22.0,6.0,45.0,0.0,Bengaluru,2015,5,Spring
2015-05-29,25.2,11.6,45.0,0.0,Bengaluru,2015,5,Spring
2015-05-30,25.4,10.9,45.0,0.0,Bengaluru,2015,5,Spring
2015-05-31,27.3,10.8,45.0,0.0,Bengaluru,2015,5,Spring
2015-06-01,26.1,11.0,47.0,0.32,Bengaluru,2015,6,Monsoon
2015-06-02,30.8,8.0,47.0,2.16,Bengaluru,2015,6,Monsoon
2015-06-03,23.6,10.7,47.0,2.13,Bengaluru,2015,6,Monsoon
2015-06-04,30.1,10.9,47.0,1.38,Bengaluru,2015,6,Monsoon
2015-06-05,27.0,7.9,47.0,8.11,Bengaluru,2015,6,Monsoon
2015-06-06,29.2,15.6,47.0,5.27,Bengaluru,2015,6,Monsoon
2015-06-07,27.6,11.4,47.0,3.58,Bengaluru,2015,6,Monsoon
2015-06-08,29.7,6.4,47.0,3.76,Bengaluru,2015,6,Monsoon
2015-06-09,26.7,12.0,47.0,1.86,Bengaluru,2015,6,Monsoon
2015-06-10,25.3,7.1,47.0,7.61,Bengaluru,2015,6,Monsoon
2015-06-11,30.3,12.4,47.0,3.56,Bengaluru,2015,6,Monsoon
2015-06-12,27.2,13.5,47.0,3.92,Bengaluru,2015,6,Monsoon
2015-06-13,27.9,7.5,47.0,5.93,Bengaluru,2015,6,Monsoon
2015-06-14,29.9,12.9,47.0,0.96,Bengaluru,2015,6,Monsoon
2015-06-15,25.4,11.2,47.0,4.94,Bengaluru,2015,6,Monsoon
2015-06-16,28.7,12.5,47.0,0.65,Bengaluru,2015,6,Monsoon
2015-06-17,26.3,15.7,47.0,1.27,Bengaluru,2015,6,Monsoon
2015-06-18,27.2,9.3,47.0,1.23,Bengaluru,2015,6,Monsoon
2015-06-19,27.6,7.7,47.0,11.52,Bengaluru,2015,6,Monsoon
2015-06-20,24.5,7.3,47.0,5.83,Bengaluru,2015,6,Monsoon
2015-06-21,25.9,7.6,47.0,3.62,Bengaluru,2015,6,Monsoon
2015-06-22,30.2,9.8,47.0,3.9,Bengaluru,2015,6,Monsoon
2015-06-23,29.2,11.0,47.0,2.48,Bengaluru,2015,6,Monsoon
2015-06-24,27.3,10.8,47.0,8.82,Bengaluru,2015,6,Monsoon
2015-06-25,28.0,12.5,47.0,2.06,Bengaluru,2015,6,Monsoon
2015-06-26,26.9,10.0,47.0,1.44,Bengaluru,2015,6,Monsoon
2015-06-27,30.2,14.4,47.0,0.53,Bengaluru,2015,6,Monsoon
2015-06-28,27.1,9.2,47.0,4.63,Bengaluru,2015,6,Monsoon
2015-06-29,27.9,18.2,47.0,3.98,Bengaluru,2015,6,Monsoon
2015-06-30,29.8,11.9,47.0,1.46,Bengaluru,2015,6,Monsoon
2015-07-01,26.4,7.4,52.5,0.08,Bengaluru,2015,7,Monsoon
2015-07-02,31.1,6.8,52.5,5.48,Bengaluru,2015,7,Monsoon
2015-07-03,24.9,11.4,52.5,0.03,Bengaluru,2015,7,Monsoon
2015-07-04,31.3,9.3,52.5,3.65,Bengaluru,2015,7,Monsoon
2015-07-05,27.3,12.1,52.5,10.55,Bengaluru,2015,7,Monsoon
2015-07-06,27.5,11.4,52.5,1.73,Bengaluru,2015,7,Monsoon
2015-07-07,24.2,9.8,52.5,0.8,Bengaluru,2015,7,Monsoon
2015-07-08,27.1,7.5,52.5,3.66,Bengaluru,2015,7,Monsoon
2015-07-09,25.9,5.5,52.5,5.1,Bengaluru,2015,7,Monsoon
2015-07-10,26.8,8.7,52.5,2.37,Bengaluru,2015,7,Monsoon
2015-07-11,27.7,12.6,52.5,10.24,Bengaluru,2015,7,Monsoon
2015-07-12,29.9,10.6,52.5,0.16,Bengaluru,2015,7,Monsoon
2015-07-13,28.4,6.3,52.5,2.11,Bengaluru,2015,7,Monsoon
2015-07-14,28.6,10.5,52.5,3.8,Bengaluru,2015,7,Monsoon
2015-07-15,25.8,11.2,52.5,5.96,Bengaluru,2015,7,Monsoon
2015-07-16,26.2,7.3,52.5,0.59,Bengaluru,2015,7,Monsoon
2015-07-17,31.6,10.5,52.5,4.83,Bengaluru,2015,7,Monsoon
2015-07-18,26.5,10.2,52.5,2.41,Bengaluru,2015,7,Monsoon
2015-07-19,31.3,6.6,52.5,1.52,Bengaluru,2015,7,Monsoon
2015-07-20,27.5,11.1,52.5,0.42,Bengaluru,2015,7,Monsoon
2015-07-21,28.0,11.7,52.5,6.01,Bengaluru,2015,7,Monsoon
2015-07-22,30.1,13.2,52.5,0.51,Bengaluru,2015,7,Monsoon
2015-07-23,30.5,13.2,52.5,1.11,Bengaluru,2015,7,Monsoon
2015-07-24,27.8,5.9,52.5,1.03,Bengaluru,2015,7,Monsoon
2015-07-25,27.2,7.2,52.5,6.15,Bengaluru,2015,7,Monsoon
2015-07-26,27.9,11.5,52.5,3.35,Bengaluru,2015,7,Monsoon
2015-07-27,28.7,11.5,52.5,4.78,Bengaluru,2015,7,Monsoon
2015-07-28,29.8,11.5,52.5,0.86,Bengaluru,2015,7,Monsoon
2015-07-29,28.0,21.6,52.5,2.94,Bengaluru,2015,7,Monsoon
2015-07-30,29.2,11.7,52.5,2.54,Bengaluru,2015,7,Monsoon
2015-07-31,31.3,13.4,52.5,5.37,Bengaluru,2015,7,Monsoon
2015-08-01,28.2,12.9,60.0,7.1,Bengaluru,2015,8,Monsoon
2015-08-02,28.1,12.0,60.0,0.04,Bengaluru,2015,8,Monsoon
2015-08-03,24.4,9.1,60.0,3.36,Bengaluru,2015,8,Monsoon
2015-08-04,22.2,12.3,60.0,0.16,Bengaluru,2015,8,Monsoon
2015-08-05,28.2,7.7,60.0,2.39,Bengaluru,2015,8,Monsoon
2015-08-06,27.3,9.3,60.0,1.02,Bengaluru,2015,8,Monsoon
2015-08-07,26.4,8.5,60.0,1.1,Bengaluru,2015,8,Monsoon
2015-08-08,28.0,10.2,60.0,1.31,Bengaluru,2015,8,Monsoon
2015-08-09,27.3,16.9,60.0,2.91,Bengaluru,2015,8,Monsoon
2015-08-10,29.7,4.4,60.0,1.22,Bengaluru,2015,8,Monsoon
2015-08-11,27.6,12.1,60.0,3.96,Bengaluru,2015,8,Monsoon
2015-08-12,26.0,5.2,60.0,1.56,Bengaluru,2015,8,Monsoon
2015-08-13,29.4,8.6,60.0,0.21,Bengaluru,2015,8,Monsoon
2015-08-14,27.0,13.3,60.0,4.59,Bengaluru,2015,8,Monsoon
2015-08-15,28.5,10.2,60.0,1.01,Bengaluru,2015,8,Monsoon
2015-08-16,26.5,6.8,60.0,1.7,Bengaluru,2015,8,Monsoon
2015-08-17,26.2,7.9,60.0,3.47,Bengaluru,2015,8,Monsoon
2015-08-18,27.6,12.0,60.0,1.21,Bengaluru,2015,8,Monsoon
2015-08-19,27.5,7.8,60.0,0.17,Bengaluru,2015,8,Monsoon
2015-08-20,28.4,10.6,60.0,1.4,Bengaluru,2015,8,Monsoon
2015-08-21,26.9,10.1,60.0,8.67,Bengaluru,2015,8,Monsoon
2015-08-22,23.8,8.0,60.0,3.08,Bengaluru,2015,8,Monsoon
2015-08-23,26.6,16.4,60.0,3.34,Bengaluru,2015,8,Monsoon
2015-08-24,29.1,11.9,60.0,3.0,Bengaluru,2015,8,Monsoon
2015-08-25,26.9,3.9,60.0,0.67,Bengaluru,2015,8,Monsoon
2015-08-26,27.0,10.6,60.0,1.63,Bengaluru,2015,8,Monsoon
2015-08-27,29.4,8.0,60.0,4.17,Bengaluru,2015,8,Monsoon
2015-08-28,26.0,12.6,60.0,0.32,Bengaluru,2015,8,Monsoon
2015-08-29,24.4,7.6,60.0,0.98,Bengaluru,2015,8,Monsoon
2015-08-30,27.1,9.7,60.0,0.97,Bengaluru,2015,8,Monsoon
2015-08-31,26.5,11.5,60.0,1.7,Bengaluru,2015,8,Monsoon
2015-09-01,24.1,12.6,67.5,11.79,Bengaluru,2015,9,Monsoon
2015-09-02,25.6,6.4,67.5,0.21,Bengaluru,2015,9,Monsoon
2015-09-03,27.0,9.0,67.5,2.19,Bengaluru,2015,9,Monsoon
2015-09-04,26.0,8.6,67.5,0.59,Bengaluru,2015,9,Monsoon
2015-09-05,26.6,8.0,67.5,10.59,Bengaluru,2015,9,Monsoon
2015-09-06,29.6,15.3,67.5,0.36,Bengaluru,2015,9,Monsoon
2015-09-07,25.3,11.2,67.5,1.55,Bengaluru,2015,9,Monsoon
2015-09-08,26.6,6.2,67.5,4.02,Bengaluru,2015,9,Monsoon
2015-09-09,25.0,12.8,67.5,3.66,Bengaluru,2015,9,Monsoon
2015-09-10,24.3,16.4,67.5,1.65,Bengaluru,2015,9,Monsoon
2015-09-11,24.8,13.1,67.5,1.28,Bengaluru,2015,9,Monsoon
2015-09-12,25.0,5.4,67.5,1.52,Bengaluru,2015,9,Monsoon
2015-09-13,26.7,8.5,67.5,0.92,Bengaluru,2015,9,Monsoon
2015-09-14,30.7,13.8,67.5,0.69,Bengaluru,2015,9,Monsoon
2015-09-15,24.6,7.9,67.5,1.98,Bengaluru,2015,9,Monsoon
2015-09-16,25.2,11.3,67.5,0.94,Bengaluru,2015,9,Monsoon
2015-09-17,25.9,12.3,67.5,1.02,Bengaluru,2015,9,Monsoon
2015-09-18,26.8,7.2,67.5,3.21,Bengaluru,2015,9,Monsoon
2015-09-19,26.5,9.8,67.5,10.38,Bengaluru,2015,9,Monsoon
2015-09-20,28.6,0.3,67.5,2.78,Bengaluru,2015,9,Monsoon
2015-09-21,21.1,6.9,67.5,0.24,Bengaluru,2015,9,Monsoon
2015-09-22,21.2,9.2,67.5,0.24,Bengaluru,2015,9,Monsoon
2015-09-23,25.0,6.3,67.5,9.07,Bengaluru,2015,9,Monsoon
2015-09-24,28.2,14.9,67.5,1.06,Bengaluru,2015,9,Monsoon
2015-09-25,22.9,5.7,67.5,0.29,Bengaluru,2015,9,Monsoon
2015-09-26,20.0,8.7,67.5,2.74,Bengaluru,2015,9,Monsoon
2015-09-27,27.1,10.4,67.5,2.93,Bengaluru,2015,9,Monsoon
2015-09-28,26.5,14.3,67.5,3.14,Bengaluru,2015,9,Monsoon
2015-09-29,23.8,5.7,67.5,0.93,Bengaluru,2015,9,Monsoon
2015-09-30,24.0,13.5,67.5,0.05,Bengaluru,2015,9,Monsoon
2015-10-01,22.1,10.0,73.0,10.06,Bengaluru,2015,10,Post-Monsoon
2015-10-02,24.2,7.1,73.0,0.87,Bengaluru,2015,10,Post-Monsoon
2015-10-03,22.7,11.4,73.0,3.38,Bengaluru,2015,10,Post-Monsoon
2015-10-04,25.0,10.6,73.0,3.68,Bengaluru,2015,10,Post-Monsoon
2015-10-05,18.3,8.2,73.0,2.82,Bengaluru,2015,10,Post-Monsoon
2015-10-06,22.3,10.2,73.0,1.13,Bengaluru,2015,10,Post-Monsoon
2015-10-07,21.7,8.8,73.0,0.95,Bengaluru,2015,10,Post-Monsoon
2015-10-08,23.5,10.3,73.0,2.73,Bengaluru,2015,10,Post-Monsoon
2015-10-09,22.9,12.0,73.0,6.03,Bengaluru,2015,10,Post-Monsoon
2015-10-10,25.6,14.8,73.0,8.8,Bengaluru,2015,10,Post-Monsoon
2015-10-11,20.3,6.3,73.0,0.34,Bengaluru,2015,10,Post-Monsoon
2015-10-12,24.1,16.4,73.0,0.5,Bengaluru,2015,10,Post-Monsoon
2015-10-13,25.1,4.1,73.0,8.69,Bengaluru,2015,10,Post-Monsoon
2015-10-14,27.7,9.5,73.0,4.0,Bengaluru,2015,10,Post-Monsoon
2015-10-15,23.0,11.8,73.0,6.44,Bengaluru,2015,10,Post-Monsoon
2015-10-16,24.6,10.8,73.0,0.68,Bengaluru,2015,10,Post-Monsoon
2015-10-17,20.4,8.1,73.0,2.66,Bengaluru,2015,10,Post-Monsoon
2015-10-18,19.2,9.4,73.0,3.62,Bengaluru,2015,10,Post-Monsoon
2015-10-19,25.7,8.5,73.0,3.42,Bengaluru,2015,10,Post-Monsoon
2015-10-20,24.0,8.2,73.0,1.57,Bengaluru,2015,10,Post-Monsoon
2015-10-21,26.4,12.5,73.0,0.05,Bengaluru,2015,10,Post-Monsoon
2015-10-22,21.3,11.1,73.0,2.62,Bengaluru,2015,10,Post-Monsoon
2015-10-23,25.0,7.9,73.0,0.88,Bengaluru,2015,10,Post-Monsoon
2015-10-24,27.7,12.7,73.0,1.79,Bengaluru,2015,10,Post-Monsoon
2015-10-25,24.8,10.9,73.0,9.48,Bengaluru,2015,10,Post-Monsoon
2015-10-26,24.6,12.4,73.0,1.53,Bengaluru,2015,10,Post-Monsoon
2015-10-27,24.0,11.9,73.0,5.49,Bengaluru,2015,10,Post-Monsoon
2015-10-28,20.9,7.5,73.0,0.63,Bengaluru,2015,10,Post-Monsoon
2015-10-29,26.7,8.3,73.0,3.35,Bengaluru,2015,10,Post-Monsoon
2015-10-30,22.8,12.2,73.0,11.32,Bengaluru,2015,10,Post-Monsoon
2015-10-31,25.0,11.8,73.0,0.32,Bengaluru,2015,10,Post-Monsoon
2015-11-01,18.9,9.9,75.0,0.03,Bengaluru,2015,11,Post-Monsoon
2015-11-02,19.6,10.4,75.0,1.71,Bengaluru,2015,11,Post-Monsoon
2015-11-03,24.9,13.8,75.0,0.29,Bengaluru,2015,11,Post-Monsoon
2015-11-04,21.3,8.2,75.0,4.14,Bengaluru,2015,11,Post-Monsoon
2015-11-05,24.9,11.6,75.0,7.38,Bengaluru,2015,11,Post-Monsoon
2015-11-06,21.8,9.4,75.0,1.71,Bengaluru,2015,11,Post-Monsoon
2015-11-07,18.3,9.3,75.0,0.9,Bengaluru,2015,11,Post-Monsoon
2015-11-08,23.8,13.3,75.0,1.71,Bengaluru,2015,11,Post-Monsoon
2015-11-09,20.8,12.5,75.0,3.86,Bengaluru,2015,11,Post-Monsoon
2015-11-10,23.4,12.4,75.0,0.03,Bengaluru,2015,11,Post-Monsoon
2015-11-11,22.1,13.9,75.0,2.67,Bengaluru,2015,11,Post-Monsoon
2015-11-12,18.9,10.1,75.0,2.85,Bengaluru,2015,11,Post-Monsoon
2015-11-13,22.3,12.0,75.0,3.05,Bengaluru,2015,11,Post-Monsoon
2015-11-14,26.4,9.1,75.0,0.83,Bengaluru,2015,11,Post-Monsoon
2015-11-15,23.0,11.0,75.0,3.76,Bengaluru,2015,11,Post-Monsoon
2015-11-16,21.9,9.6,75.0,0.29,Bengaluru,2015,11,Post-Monsoon
2015-11-17,24.2,10.3,75.0,0.67,Bengaluru,2015,11,Post-Monsoon
2015-11-18,22.4,11.8,75.0,6.3,Bengaluru,2015,11,Post-Monsoon
2015-11-19,22.4,7.5,75.0,4.03,Bengaluru,2015,11,Post-Monsoon
2015-11-20,19.8,16.3,75.0,0.04,Bengaluru,2015,11,Post-Monsoon
2015-11-21,22.5,7.0,75.0,0.86,Bengaluru,2015,11,Post-Monsoon
2015-11-22,24.1,6.4,75.0,0.72,Bengaluru,2015,11,Post-Monsoon
2015-11-23,20.3,13.5,75.0,0.95,Bengaluru,2015,11,Post-Monsoon
2015-11-24,24.8,12.4,75.0,0.85,Bengaluru,2015,11,Post-Monsoon
2015-11-25,21.8,11.9,75.0,0.19,Bengaluru,2015,11,Post-Monsoon
2015-11-26,20.2,11.9,75.0,1.84,Bengaluru,2015,11,Post-Monsoon
2015-11-27,24.0,10.0,75.0,3.96,Bengaluru,2015,11,Post-Monsoon
2015-11-28,21.4,7.3,75.0,2.8,Bengaluru,2015,11,Post-Monsoon
2015-11-29,23.5,10.2,75.0,3.35,Bengaluru,2015,11,Post-Monsoon
2015-11-30,21.4,8.0,75.0,0.25,Bengaluru,2015,11,Post-Monsoon
2015-12-01,20.4,12.9,73.0,0.0,Bengaluru,2015,12,Winter
2015-12-02,21.5,9.6,73.0,0.0,Bengaluru,2015,12,Winter
2015-12-03,21.1,7.5,73.0,0.0,Bengaluru,2015,12,Winter
2015-12-04,16.5,9.0,73.0,0.0,Bengaluru,2015,12,Winter
2015-12-05,18.3,11.2,73.0,0.0,Bengaluru,2015,12,Winter
2015-12-06,22.4,8.3,73.0,0.0,Bengaluru,2015,12,Winter
2015-12-07,20.3,7.5,73.0,0.0,Bengaluru,2015,12,Winter
2015-12-08,19.5,10.7,73.0,0.0,Bengaluru,2015,12,Winter
2015-12-09,17.8,10.7,73.0,0.0,Bengaluru,2015,12,Winter
2015-12-10,18.4,8.5,73.0,0.0,Bengaluru,2015,12,Winter
2015-12-11,16.5,8.6,73.0,0.0,Bengaluru,2015,12,Winter
2015-12-12,20.3,10.7,73.0,0.0,Bengaluru,2015,12,Winter
2015-12-13,19.3,5.7,73.0,0.0,Bengaluru,2015,12,Winter
2015-12-14,18.6,5.8,73.0,0.0,Bengaluru,2015,12,Winter
2015-12-15,20.4,7.8,73.0,0.0,Bengaluru,2015,12,Winter
2015-12-16,21.3,9.4,73.0,0.0,Bengaluru,2015,12,Winter
2015-12-17,24.7,10.9,73.0,0.0,Bengaluru,2015,12,Winter
2015-12-18,17.5,14.4,73.0,0.0,Bengaluru,2015,12,Winter
2015-12-19,22.9,12.6,73.0,0.0,Bengaluru,2015,12,Winter
2015-12-20,22.5,9.5,73.0,0.0,Bengaluru,2015,12,Winter
2015-12-21,19.0,9.9,73.0,0.0,Bengaluru,2015,12,Winter
2015-12-22,20.9,7.0,73.0,0.0,Bengaluru,2015,12,Winter
2015-12-23,19.6,9.9,73.0,0.0,Bengaluru,2015,12,Winter
2015-12-24,20.9,9.1,73.0,0.0,Bengaluru,2015,12,Winter
2015-12-25,23.6,11.0,73.0,0.0,Bengaluru,2015,12,Winter
2015-12-26,21.7,7.5,73.0,0.0,Bengaluru,2015,12,Winter
2015-12-27,21.6,11.6,73.0,0.0,Bengaluru,2015,12,Winter
2015-12-28,19.7,14.6,73.0,0.0,Bengaluru,2015,12,Winter
2015-12-29,17.6,9.7,73.0,0.0,Bengaluru,2015,12,Winter
2015-12-30,20.1,11.2,73.0,0.0,Bengaluru,2015,12,Winter
2015-12-31,22.9,12.1,73.0,0.0,Bengaluru,2015,12,Winter
2016-01-01,16.9,8.8,67.5,0.0,Bengaluru,2016,1,Winter
2016-01-02,17.9,10.7,67.5,0.0,Bengaluru,2016,1,Winter
2016-01-03,20.3,10.0,67.5,0.0,Bengaluru,2016,1,Winter
2016-01-04,18.0,10.3,67.5,0.0,Bengaluru,2016,1,Winter
2016-01-05,18.4,7.7,67.5,0.0,Bengaluru,2016,1,Winter
2016-01-06,19.2,10.1,67.5,0.0,Bengaluru,2016,1,Winter
2016-01-07,17.3,11.5,67.5,0.0,Bengaluru,2016,1,Winter
2016-01-08,18.1,14.4,67.5,0.0,Bengaluru,2016,1,Winter
2016-01-09,21.4,12.9,67.5,0.0,Bengaluru,2016,1,Winter
2016-01-10,17.4,16.5,67.5,0.0,Bengaluru,2016,1,Winter
2016-01-11,16.8,7.7,67.5,0.0,Bengaluru,2016,1,Winter
2016-01-12,18.7,12.6,67.5,0.0,Bengaluru,2016,1,Winter
2016-01-13,21.5,10.6,67.5,0.0,Bengaluru,2016,1,Winter
2016-01-14,19.6,16.6,67.5,0.0,Bengaluru,2016,1,Winter
2016-01-15,19.1,7.6,67.5,0.0,Bengaluru,2016,1,Winter
2016-01-16,20.1,7.5,67.5,0.0,Bengaluru,2016,1,Winter
2016-01-17,16.5,8.2,67.5,0.0,Bengaluru,2016,1,Winter
2016-01-18,21.0,3.6,67.5,0.0,Bengaluru,2016,1,Winter
2016-01-19,20.8,8.4,67.5,0.0,Bengaluru,2016,1,Winter
2016-01-20,19.2,7.7,67.5,0.0,Bengaluru,2016,1,Winter
2016-01-21,22.0,10.5,67.5,0.0,Bengaluru,2016,1,Winter
2016-01-22,17.7,11.0,67.5,0.0,Bengaluru,2016,1,Winter
2016-01-23,22.3,15.6,67.5,0.0,Bengaluru,2016,1,Winter
2016-01-24,20.3,12.9,67.5,0.0,Bengaluru,2016,1,Winter
2016-01-25,19.3,8.3,67.5,0.0,Bengaluru,2016,1,Winter
2016-01-26,20.0,7.3,67.5,0.0,Bengaluru,2016,1,Winter
2016-01-27,19.8,11.5,67.5,0.0,Bengaluru,2016,1,Winter
2016-01-28,22.4,6.0,67.5,0.0,Bengaluru,2016,1,Winter
2016-01-29,17.8,15.5,67.5,0.0,Bengaluru,2016,1,Winter
2016-01-30,18.5,13.5,67.5,0.0,Bengaluru,2016,1,Winter
2016-01-31,22.1,8.6,67.5,0.0,Bengaluru,2016,1,Winter
2016-02-01,19.3,4.9,60.0,0.0,Bengaluru,2016,2,Winter
2016-02-02,22.3,14.1,60.0,0.0,Bengaluru,2016,2,Winter
2016-02-03,23.9,9.7,60.0,0.0,Bengaluru,2016,2,Winter
2016-02-04,19.7,13.7,60.0,0.0,Bengaluru,2016,2,Winter
2016-02-05,21.9,5.2,60.0,0.0,Bengaluru,2016,2,Winter
2016-02-06,18.2,8.2,60.0,0.0,Bengaluru,2016,2,Winter
2016-02-07,22.0,10.0,60.0,0.0,Bengaluru,2016,2,Winter
2016-02-08,20.9,10.1,60.0,0.0,Bengaluru,2016,2,Winter
2016-02-09,21.5,8.6,60.0,0.0,Bengaluru,2016,2,Winter
2016-02-10,19.2,11.9,60.0,0.0,Bengaluru,2016,2,Winter
2016-02-11,17.2,6.8,60.0,0.0,Bengaluru,2016,2,Winter
2016-02-12,21.5,9.6,60.0,0.0,Bengaluru,2016,2,Winter
2016-02-13,16.4,10.4,60.0,0.0,Bengaluru,2016,2,Winter
2016-02-14,19.9,11.5,60.0,0.0,Bengaluru,2016,2,Winter
2016-02-15,22.4,12.1,60.0,0.0,Bengaluru,2016,2,Winter
2016-02-16,20.9,6.6,60.0,0.0,Bengaluru,2016,2,Winter
2016-02-17,24.4,5.4,60.0,0.0,Bengaluru,2016,2,Winter
2016-02-18,22.6,13.8,60.0,0.0,Bengaluru,2016,2,Winter
2016-02-19,19.2,11.0,60.0,0.0,Bengaluru,2016,2,Winter
2016-02-20,20.6,7.8,60.0,0.0,Bengaluru,2016,2,Winter
2016-02-21,20.4,14.7,60.0,0.0,Bengaluru,2016,2,Winter
2016-02-22,17.4,10.3,60.0,0.0,Bengaluru,2016,2,Winter
2016-02-23,18.7,13.5,60.0,0.0,Bengaluru,2016,2,Winter
2016-02-24,19.4,10.2,60.0,0.0,Bengaluru,2016,2,Winter
2016-02-25,16.5,16.2,60.0,0.0,Bengaluru,2016,2,Winter
2016-02-26,20.6,15.3,60.0,0.0,Bengaluru,2016,2,Winter
2016-02-27,20.0,9.3,60.0,0.0,Bengaluru,2016,2,Winter
2016-02-28,17.2,12.9,60.0,0.0,Bengaluru,2016,2,Winter
2016-02-29,21.3,11.9,60.0,0.0,Bengaluru,2016,2,Winter
2016-03-01,23.4,14.1,52.5,0.0,Bengaluru,2016,3,Spring
2016-03-02,22.5,7.1,52.5,0.0,Bengaluru,2016,3,Spring
2016-03-03,21.4,12.1,52.5,0.0,Bengaluru,2016,3,Spring
2016-03-04,23.2,13.2,52.5,0.0,Bengaluru,2016,3,Spring
2016-03-05,23.4,4.7,52.5,0.0,Bengaluru,2016,3,Spring
2016-03-06,22.6,6.5,52.5,0.0,Bengaluru,2016,3,Spring
2016-03-07,20.4,3.9,52.5,0.0,Bengaluru,2016,3,Spring
2016-03-08,22.6,9.2,52.5,0.0,Bengaluru,2016,3,Spring
2016-03-09,24.4,12.2,52.5,0.0,Bengaluru,2016,3,Spring
2016-03-10,20.8,14.5,52.5,0.0,Bengaluru,2016,3,Spring
2016-03-11,26.2,10.2,52.5,0.0,Bengaluru,2016,3,Spring
2016-03-12,20.9,14.9,52.5,0.0,Bengaluru,2016,3,Spring
2016-03-13,22.1,5.9,52.5,0.0,Bengaluru,2016,3,Spring
2016-03-14,20.7,4.9,52.5,0.0,Bengaluru,2016,3,Spring
2016-03-15,22.4,9.8,52.5,0.0,Bengaluru,2016,3,Spring
2016-03-16,18.5,11.2,52.5,0.0,Bengaluru,2016,3,Spring
2016-03-17,20.9,9.9,52.5,0.0,Bengaluru,2016,3,Spring
2016-03-18,19.8,3.8,52.5,0.0,Bengaluru,2016,3,Spring
2016-03-19,22.3,9.7,52.5,0.0,Bengaluru,2016,3,Spring
2016-03-20,24.0,6.1,52.5,0.0,Bengaluru,2016,3,Spring
2016-03-21,23.3,12.0,52.5,0.0,Bengaluru,2016,3,Spring
2016-03-22,17.3,11.1,52.5,0.0,Bengaluru,2016,3,Spring
2016-03-23,26.1,7.2,52.5,0.0,Bengaluru,2016,3,Spring
2016-03-24,22.6,8.5,52.5,0.0,Bengaluru,2016,3,Spring
2016-03-25,20.4,6.8,52.5,0.0,Bengaluru,2016,3,Spring
2016-03-26,22.3,9.8,52.5,0.0,Bengaluru,2016,3,Spring
2016-03-27,22.4,12.9,52.5,0.0,Bengaluru,2016,3,Spring
2016-03-28,20.7,7.0,52.5,0.0,Bengaluru,2016,3,Spring
2016-03-29,22.4,11.5,52.5,0.0,Bengaluru,2016,3,Spring
2016-03-30,20.8,8.4,52.5,0.0,Bengaluru,2016,3,Spring
2016-03-31,21.2,7.6,52.5,0.0,Bengaluru,2016,3,Spring
2016-04-01,22.6,9.7,47.0,0.0,Bengaluru,2016,4,Spring
2016-04-02,21.1,6.9,47.0,0.0,Bengaluru,2016,4,Spring
2016-04-03,24.3,8.3,47.0,0.0,Bengaluru,2016,4,Spring
2016-04-04,25.2,6.4,47.0,0.0,Bengaluru,2016,4,Spring
2016-04-05,25.0,15.9,47.0,0.0,Bengaluru,2016,4,Spring
2016-04-06,25.6,10.1,47.0,0.0,Bengaluru,2016,4,Spring
2016-04-07,24.6,7.9,47.0,0.0,Bengaluru,2016,4,Spring
2016-04-08,22.9,10.6,47.0,0.0,Bengaluru,2016,4,Spring
2016-04-09,25.7,9.7,47.0,0.0,Bengaluru,2016,4,Spring
2016-04-10,21.3,9.3,47.0,0.0,Bengaluru,2016,4,Spring
2016-04-11,22.2,11.8,47.0,0.0,Bengaluru,2016,4,Spring
2016-04-12,22.1,12.3,47.0,0.0,Bengaluru,2016,4,Spring
2016-04-13,26.2,8.4,47.0,0.0,Bengaluru,2016,4,Spring
2016-04-14,25.9,8.3,47.0,0.0,Bengaluru,2016,4,Spring
2016-04-15,25.0,9.2,47.0,0.0,Bengaluru,2016,4,Spring
2016-04-16,26.1,3.1,47.0,0.0,Bengaluru,2016,4,Spring
2016-04-17,22.2,5.5,47.0,0.0,Bengaluru,2016,4,Spring
2016-04-18,24.7,14.1,47.0,0.0,Bengaluru,2016,4,Spring
2016-04-19,23.7,14.9,47.0,0.0,Bengaluru,2016,4,Spring
2016-04-20,25.7,9.3,47.0,0.0,Bengaluru,2016,4,Spring
2016-04-21,23.8,11.7,47.0,0.0,Bengaluru,2016,4,Spring
2016-04-22,23.2,10.9,47.0,0.0,Bengaluru,2016,4,Spring
2016-04-23,25.1,19.2,47.0,0.0,Bengaluru,2016,4,Spring
2016-04-24,25.8,13.4,47.0,0.0,Bengaluru,2016,4,Spring
2016-04-25,22.7,9.6,47.0,0.0,Bengaluru,2016,4,Spring
2016-04-26,23.9,7.1,47.0,0.0,Bengaluru,2016,4,Spring
2016-04-27,21.9,5.2,47.0,0.0,Bengaluru,2016,4,Spring
2016-04-28,19.0,10.6,47.0,0.0,Bengaluru,2016,4,Spring
2016-04-29,24.4,7.7,47.0,0.0,Bengaluru,2016,4,Spring
2016-04-30,25.2,5.7,47.0,0.0,Bengaluru,2016,4,Spring
2016-05-01,26.5,8.1,45.0,0.0,Bengaluru,2016,5,Spring
2016-05-02,22.1,6.8,45.0,0.0,Bengaluru,2016,5,Spring
2016-05-03,25.3,15.1,45.0,0.0,Bengaluru,2016,5,Spring
2016-05-04,21.6,12.6,45.0,0.0,Bengaluru,2016,5,Spring
2016-05-05,28.7,10.0,45.0,0.0,Bengaluru,2016,5,Spring
2016-05-06,23.8,14.4,45.0,0.0,Bengaluru,2016,5,Spring
2016-05-07,28.5,10.2,45.0,0.0,Bengaluru,2016,5,Spring
2016-05-08,27.9,7.4,45.0,0.0,Bengaluru,2016,5,Spring
2016-05-09,24.2,14.6,45.0,0.0,Bengaluru,2016,5,Spring
2016-05-10,23.7,11.6,45.0,0.0,Bengaluru,2016,5,Spring
2016-05-11,26.7,6.9,45.0,0.0,Bengaluru,2016,5,Spring
2016-05-12,24.3,9.4,45.0,0.0,Bengaluru,2016,5,Spring
2016-05-13,26.2,7.4,45.0,0.0,Bengaluru,2016,5,Spring
2016-05-14,25.0,5.9,45.0,0.0,Bengaluru,2016,5,Spring
2016-05-15,22.4,12.8,45.0,0.0,Bengaluru,2016,5,Spring
2016-05-16,21.5,15.7,45.0,0.0,Bengaluru,2016,5,Spring
2016-05-17,26.5,5.8,45.0,0.0,Bengaluru,2016,5,Spring
2016-05-18,24.9,11.7,45.0,0.0,Bengaluru,2016,5,Spring
2016-05-19,24.9,8.0,45.0,0.0,Bengaluru,2016,5,Spring
2016-05-20,27.4,8.5,45.0,0.0,Bengaluru,2016,5,Spring
2016-05-21,28.3,8.2,45.0,0.0,Bengaluru,2016,5,Spring
2016-05-22,25.5,7.4,45.0,0.0,Bengaluru,2016,5,Spring
2016-05-23,25.3,10.1,45.0,0.0,Bengaluru,2016,5,Spring
2016-05-24,27.0,7.5,45.0,0.0,Bengaluru,2016,5,Spring
2016-05-25,23.3,10.8,45.0,0.0,Bengaluru,2016,5,Spring
2016-05-26,26.4,9.8,45.0,0.0,Bengaluru,2016,5,Spring
2016-05-27,27.1,9.3,45.0,0.0,Bengaluru,2016,5,Spring
2016-05-28,27.4,7.3,45.0,0.0,Bengaluru,2016,5,Spring
2016-05-29,22.1,8.3,45.0,0.0,Bengaluru,2016,5,Spring
2016-05-30,24.5,12.3,45.0,0.0,Bengaluru,2016,5,Spring
2016-05-31,24.2,11.5,45.0,0.0,Bengaluru,2016,5,Spring
2016-06-01,27.7,7.1,47.0,3.21,Bengaluru,2016,6,Monsoon
2016-06-02,28.4,10.3,47.0,3.7,Bengaluru,2016,6,Monsoon
2016-06-03,30.5,12.3,47.0,0.03,Bengaluru,2016,6,Monsoon
2016-06-04,26.5,5.0,47.0,0.74,Bengaluru,2016,6,Monsoon
2016-06-05,26.5,11.6,47.0,3.25,Bengaluru,2016,6,Monsoon
2016-06-06,29.8,8.0,47.0,1.98,Bengaluru,2016,6,Monsoon
2016-06-07,28.1,11.7,47.0,0.02,Bengaluru,2016,6,Monsoon
2016-06-08,30.0,7.7,47.0,4.9,Bengaluru,2016,6,Monsoon
2016-06-09,28.0,4.6,47.0,4.45,Bengaluru,2016,6,Monsoon
2016-06-10,25.1,5.1,47.0,2.39,Bengaluru,2016,6,Monsoon
2016-06-11,24.8,10.1,47.0,0.21,Bengaluru,2016,6,Monsoon
2016-06-12,24.4,10.8,47.0,4.36,Bengaluru,2016,6,Monsoon
2016-06-13,28.8,7.3,47.0,2.63,Bengaluru,2016,6,Monsoon
2016-06-14,29.8,11.9,47.0,4.57,Bengaluru,2016,6,Monsoon
2016-06-15,31.2,5.0,47.0,4.18,Bengaluru,2016,6,Monsoon
2016-06-16,29.2,9.8,47.0,4.87,Bengaluru,2016,6,Monsoon
2016-06-17,29.8,6.4,47.0,2.19,Bengaluru,2016,6,Monsoon
2016-06-18,26.3,8.0,47.0,0.45,Bengaluru,2016,6,Monsoon
2016-06-19,25.2,10.1,47.0,3.34,Bengaluru,2016,6,Monsoon
2016-06-20,29.2,7.4,47.0,2.91,Bengaluru,2016,6,Monsoon
2016-06-21,28.3,8.8,47.0,4.07,Bengaluru,2016,6,Monsoon
2016-06-22,27.7,13.0,47.0,0.56,Bengaluru,2016,6,Monsoon
2016-06-23,28.2,8.3,47.0,0.65,Bengaluru,2016,6,Monsoon
2016-06-24,28.1,12.5,47.0,6.63,Bengaluru,2016,6,Monsoon
2016-06-25,30.0,6.6,47.0,4.16,Bengaluru,2016,6,Monsoon
2016-06-26,30.1,11.6,47.0,7.17,Bengaluru,2016,6,Monsoon
2016-06-27,28.6,14.3,47.0,4.27,Bengaluru,2016,6,Monsoon
2016-06-28,29.2,2.6,47.0,2.73,Bengaluru,2016,6,Monsoon
2016-06-29,28.5,7.6,47.0,3.19,Bengaluru,2016,6,Monsoon
2016-06-30,26.5,11.7,47.0,6.6,Bengaluru,2016,6,Monsoon
2016-07-01,29.5,9.4,52.5,2.59,Bengaluru,2016,7,Monsoon
2016-07-02,25.2,11.1,52.5,3.0,Bengaluru,2016,7,Monsoon
2016-07-03,30.1,8.2,52.5,0.51,Bengaluru,2016,7,Monsoon
2016-07-04,25.6,10.3,52.5,1.93,Bengaluru,2016,7,Monsoon
2016-07-05,28.6,9.5,52.5,3.78,Bengaluru,2016,7,Monsoon
2016-07-06,26.3,13.5,52.5,0.95,Bengaluru,2016,7,Monsoon
2016-07-07,29.1,10.8,52.5,0.68,Bengaluru,2016,7,Monsoon
2016-07-08,27.9,11.0,52.5,1.13,Bengaluru,2016,7,Monsoon
2016-07-09,24.8,8.8,52.5,0.83,Bengaluru,2016,7,Monsoon
2016-07-10,28.8,8.5,52.5,0.73,Bengaluru,2016,7,Monsoon
2016-07-11,26.8,8.7,52.5,1.66,Bengaluru,2016,7,Monsoon
2016-07-12,29.8,11.2,52.5,7.15,Bengaluru,2016,7,Monsoon
2016-07-13,28.0,8.7,52.5,2.12,Bengaluru,2016,7,Monsoon
2016-07-14,28.8,10.9,52.5,0.62,Bengaluru,2016,7,Monsoon
2016-07-15,26.1,16.2,52.5,0.24,Bengaluru,2016,7,Monsoon
2016-07-16,26.8,12.6,52.5,3.57,Bengaluru,2016,7,Monsoon
2016-07-17,27.1,9.0,52.5,1.45,Bengaluru,2016,7,Monsoon
2016-07-18,29.7,13.6,52.5,5.18,Bengaluru,2016,7,Monsoon
2016-07-19,31.4,8.8,52.5,3.23,Bengaluru,2016,7,Monsoon
2016-07-20,26.4,3.9,52.5,4.77,Bengaluru,2016,7,Monsoon
2016-07-21,30.2,7.0,52.5,0.95,Bengaluru,2016,7,Monsoon
2016-07-22,23.7,4.4,52.5,3.54,Bengaluru,2016,7,Monsoon
2016-07-23,25.6,8.9,52.5,0.92,Bengaluru,2016,7,Monsoon
2016-07-24,26.1,10.1,52.5,8.39,Bengaluru,2016,7,Monsoon
2016-07-25,25.3,15.0,52.5,3.03,Bengaluru,2016,7,Monsoon
2016-07-26,24.8,11.0,52.5,1.18,Bengaluru,2016,7,Monsoon
2016-07-27,28.8,9.3,52.5,0.94,Bengaluru,2016,7,Monsoon
2016-07-28,27.6,12.5,52.5,0.64,Bengaluru,2016,7,Monsoon
2016-07-29,28.8,3.4,52.5,3.56,Bengaluru,2016,7,Monsoon
2016-07-30,29.4,10.7,52.5,0.74,Bengaluru,2016,7,Monsoon
2016-07-31,28.5,12.3,52.5,2.71,Bengaluru,2016,7,Monsoon
2016-08-01,28.8,5.6,60.0,0.92,Bengaluru,2016,8,Monsoon
2016-08-02,27.3,13.4,60.0,3.25,Bengaluru,2016,8,Monsoon
2016-08-03,25.1,11.0,60.0,5.06,Bengaluru,2016,8,Monsoon
2016-08-04,29.6,8.8,60.0,4.52,Bengaluru,2016,8,Monsoon
2016-08-05,26.3,11.9,60.0,4.29,Bengaluru,2016,8,Monsoon
2016-08-06,25.6,16.8,60.0,0.62,Bengaluru,2016,8,Monsoon
2016-08-07,27.1,10.5,60.0,0.28,Bengaluru,2016,8,Monsoon
2016-08-08,25.6,10.7,60.0,3.6,Bengaluru,2016,8,Monsoon
2016-08-09,26.6,8.6,60.0,1.38,Bengaluru,2016,8,Monsoon
2016-08-10,28.2,7.5,60.0,1.7,Bengaluru,2016,8,Monsoon
2016-08-11,28.2,12.5,60.0,0.09,Bengaluru,2016,8,Monsoon
2016-08-12,25.7,7.4,60.0,0.9,Bengaluru,2016,8,Monsoon
2016-08-13,26.5,10.2,60.0,0.1,Bengaluru,2016,8,Monsoon
2016-08-14,29.6,8.6,60.0,6.34,Bengaluru,2016,8,Monsoon
2016-08-15,28.5,11.4,60.0,0.84,Bengaluru,2016,8,Monsoon
2016-08-16,31.6,11.0,60.0,2.44,Bengaluru,2016,8,Monsoon
2016-08-17,29.8,13.1,60.0,0.12,Bengaluru,2016,8,Monsoon
2016-08-18,29.8,8.5,60.0,3.3,Bengaluru,2016,8,Monsoon
2016-08-19,24.7,9.2,60.0,1.17,Bengaluru,2016,8,Monsoon
2016-08-20,29.0,7.1,60.0,6.85,Bengaluru,2016,8,Monsoon
2016-08-21,27.4,8.7,60.0,6.57,Bengaluru,2016,8,Monsoon
2016-08-22,26.4,11.1,60.0,1.18,Bengaluru,2016,8,Monsoon
2016-08-23,27.8,12.3,60.0,6.94,Bengaluru,2016,8,Monsoon
2016-08-24,29.4,7.2,60.0,16.69,Bengaluru,2016,8,Monsoon
2016-08-25,28.5,12.6,60.0,5.24,Bengaluru,2016,8,Monsoon
2016-08-26,25.7,14.1,60.0,5.59,Bengaluru,2016,8,Monsoon
2016-08-27,28.9,11.2,60.0,0.86,Bengaluru,2016,8,Monsoon
2016-08-28,26.2,15.6,60.0,2.58,Bengaluru,2016,8,Monsoon
2016-08-29,27.9,7.7,60.0,0.21,Bengaluru,2016,8,Monsoon
2016-08-30,26.9,6.3,60.0,0.3,Bengaluru,2016,8,Monsoon
2016-08-31,27.0,4.7,60.0,20.42,Bengaluru,2016,8,Monsoon
2016-09-01,27.5,14.5,67.5,1.19,Bengaluru,2016,9,Monsoon
2016-09-02,23.9,12.0,67.5,4.14,Bengaluru,2016,9,Monsoon
2016-09-03,29.9,9.8,67.5,4.93,Bengaluru,2016,9,Monsoon
2016-09-04,22.4,10.8,67.5,5.86,Bengaluru,2016,9,Monsoon
2016-09-05,24.8,6.6,67.5,18.13,Bengaluru,2016,9,Monsoon
2016-09-06,26.7,17.3,67.5,0.83,Bengaluru,2016,9,Monsoon
2016-09-07,27.2,10.4,67.5,0.12,Bengaluru,2016,9,Monsoon
2016-09-08,25.8,10.3,67.5,1.59,Bengaluru,2016,9,Monsoon
2016-09-09,25.9,12.2,67.5,0.42,Bengaluru,2016,9,Monsoon
2016-09-10,26.8,11.4,67.5,0.07,Bengaluru,2016,9,Monsoon
2016-09-11,25.5,10.7,67.5,1.34,Bengaluru,2016,9,Monsoon
2016-09-12,28.8,7.6,67.5,4.59,Bengaluru,2016,9,Monsoon
2016-09-13,27.7,11.4,67.5,2.51,Bengaluru,2016,9,Monsoon
2016-09-14,27.7,15.6,67.5,1.13,Bengaluru,2016,9,Monsoon
2016-09-15,24.1,14.0,67.5,3.19,Bengaluru,2016,9,Monsoon
2016-09-16,25.8,14.8,67.5,0.79,Bengaluru,2016,9,Monsoon
2016-09-17,25.4,8.5,67.5,0.04,Bengaluru,2016,9,Monsoon
2016-09-18,24.0,7.0,67.5,4.34,Bengaluru,2016,9,Monsoon
2016-09-19,26.7,9.6,67.5,2.93,Bengaluru,2016,9,Monsoon
2016-09-20,24.9,10.2,67.5,4.31,Bengaluru,2016,9,Monsoon
2016-09-21,27.3,13.3,67.5,0.12,Bengaluru,2016,9,Monsoon
2016-09-22,23.9,4.9,67.5,5.44,Bengaluru,2016,9,Monsoon
2016-09-23,29.4,14.6,67.5,2.9,Bengaluru,2016,9,Monsoon
2016-09-24,24.2,9.5,67.5,2.49,Bengaluru,2016,9,Monsoon
2016-09-25,26.4,8.7,67.5,2.94,Bengaluru,2016,9,Monsoon
2016-09-26,27.6,7.0,67.5,5.99,Bengaluru,2016,9,Monsoon
2016-09-27,24.9,5.0,67.5,2.65,Bengaluru,2016,9,Monsoon
2016-09-28,27.7,12.5,67.5,2.61,Bengaluru,2016,9,Monsoon
2016-09-29,23.5,10.2,67.5,14.03,Bengaluru,2016,9,Monsoon
2016-09-30,28.9,6.1,67.5,4.24,Bengaluru,2016,9,Monsoon
2016-10-01,24.0,6.1,73.0,1.75,Bengaluru,2016,10,Post-Monsoon
2016-10-02,22.8,9.0,73.0,3.69,Bengaluru,2016,10,Post-Monsoon
2016-10-03,23.4,15.0,73.0,1.48,Bengaluru,2016,10,Post-Monsoon
2016-10-04,25.6,9.2,73.0,0.78,Bengaluru,2016,10,Post-Monsoon
2016-10-05,22.8,5.5,73.0,2.73,Bengaluru,2016,10,Post-Monsoon
2016-10-06,22.5,9.3,73.0,7.9,Bengaluru,2016,10,Post-Monsoon
2016-10-07,23.6,9.2,73.0,7.94,Bengaluru,2016,10,Post-Monsoon
2016-10-08,21.6,1.9,73.0,1.26,Bengaluru,2016,10,Post-Monsoon
2016-10-09,27.6,9.8,73.0,2.25,Bengaluru,2016,10,Post-Monsoon
2016-10-10,22.9,9.3,73.0,0.71,Bengaluru,2016,10,Post-Monsoon
2016-10-11,25.7,12.1,73.0,16.3,Bengaluru,2016,10,Post-Monsoon
2016-10-12,24.4,15.5,73.0,11.91,Bengaluru,2016,10,Post-Monsoon
2016-10-13,22.0,13.4,73.0,3.15,Bengaluru,2016,10,Post-Monsoon
2016-10-14,24.0,9.2,73.0,4.9,Bengaluru,2016,10,Post-Monsoon
2016-10-15,25.6,6.7,73.0,3.77,Bengaluru,2016,10,Post-Monsoon
2016-10-16,23.6,17.7,73.0,2.7,Bengaluru,2016,10,Post-Monsoon
2016-10-17,26.4,10.2,73.0,0.16,Bengaluru,2016,10,Post-Monsoon
2016-10-18,26.0,10.0,73.0,1.82,Bengaluru,2016,10,Post-Monsoon
2016-10-19,25.8,9.9,73.0,3.37,Bengaluru,2016,10,Post-Monsoon
2016-10-20,23.1,10.6,73.0,3.4,Bengaluru,2016,10,Post-Monsoon
2016-10-21,21.8,9.6,73.0,1.4,Bengaluru,2016,10,Post-Monsoon
2016-10-22,22.8,8.3,73.0,8.53,Bengaluru,2016,10,Post-Monsoon
2016-10-23,24.4,8.4,73.0,0.55,Bengaluru,2016,10,Post-Monsoon
2016-10-24,25.1,9.9,73.0,2.08,Bengaluru,2016,10,Post-Monsoon
2016-10-25,19.7,8.4,73.0,3.52,Bengaluru,2016,10,Post-Monsoon
2016-10-26,24.0,7.9,73.0,3.58,Bengaluru,2016,10,Post-Monsoon
2016-10-27,24.3,10.3,73.0,3.14,Bengaluru,2016,10,Post-Monsoon
2016-10-28,23.4,9.2,73.0,0.97,Bengaluru,2016,10,Post-Monsoon
2016-10-29,26.6,14.5,73.0,0.51,Bengaluru,2016,10,Post-Monsoon
2016-10-30,24.8,2.0,73.0,3.03,Bengaluru,2016,10,Post-Monsoon
2016-10-31,26.6,13.3,73.0,2.74,Bengaluru,2016,10,Post-Monsoon
2016-11-01,21.6,13.7,75.0,0.59,Bengaluru,2016,11,Post-Monsoon
2016-11-02,23.9,3.8,75.0,3.66,Bengaluru,2016,11,Post-Monsoon
2016-11-03,25.3,9.0,75.0,1.82,Bengaluru,2016,11,Post-Monsoon
2016-11-04,24.6,8.9,75.0,3.31,Bengaluru,2016,11,Post-Monsoon
2016-11-05,19.8,5.8,75.0,5.45,Bengaluru,2016,11,Post-Monsoon
2016-11-06,21.5,7.7,75.0,0.56,Bengaluru,2016,11,Post-Monsoon
2016-11-07,21.3,6.7,75.0,0.06,Bengaluru,2016,11,Post-Monsoon
2016-11-08,23.0,15.3,75.0,4.53,Bengaluru,2016,11,Post-Monsoon
2016-11-09,23.4,12.8,75.0,2.82,Bengaluru,2016,11,Post-Monsoon
2016-11-10,20.3,13.8,75.0,3.61,Bengaluru,2016,11,Post-Monsoon
2016-11-11,22.1,12.2,75.0,5.46,Bengaluru,2016,11,Post-Monsoon
2016-11-12,18.0,6.6,75.0,4.87,Bengaluru,2016,11,Post-Monsoon
2016-11-13,24.9,8.4,75.0,9.73,Bengaluru,2016,11,Post-Monsoon
2016-11-14,21.0,11.5,75.0,2.3,Bengaluru,2016,11,Post-Monsoon
2016-11-15,22.1,6.3,75.0,2.01,Bengaluru,2016,11,Post-Monsoon
2016-11-16,21.4,12.1,75.0,1.54,Bengaluru,2016,11,Post-Monsoon
2016-11-17,24.3,9.3,75.0,0.5,Bengaluru,2016,11,Post-Monsoon
2016-11-18,16.3,8.9,75.0,2.55,Bengaluru,2016,11,Post-Monsoon
2016-11-19,22.0,12.1,75.0,0.97,Bengaluru,2016,11,Post-Monsoon
2016-11-20,21.8,11.3,75.0,7.63,Bengaluru,2016,11,Post-Monsoon
2016-11-21,21.1,8.9,75.0,2.63,Bengaluru,2016,11,Post-Monsoon
2016-11-22,25.5,13.5,75.0,2.7,Bengaluru,2016,11,Post-Monsoon
2016-11-23,20.2,6.8,75.0,1.32,Bengaluru,2016,11,Post-Monsoon
2016-11-24,23.5,11.8,75.0,0.16,Bengaluru,2016,11,Post-Monsoon
2016-11-25,22.7,11.8,75.0,0.1,Bengaluru,2016,11,Post-Monsoon
2016-11-26,24.5,9.1,75.0,1.65,Bengaluru,2016,11,Post-Monsoon
2016-11-27,20.7,11.0,75.0,0.27,Bengaluru,2016,11,Post-Monsoon
2016-11-28,20.5,6.2,75.0,2.8,Bengaluru,2016,11,Post-Monsoon
2016-11-29,24.2,12.8,75.0,6.39,Bengaluru,2016,11,Post-Monsoon
2016-11-30,22.9,9.4,75.0,6.43,Bengaluru,2016,11,Post-Monsoon
2016-12-01,17.4,8.4,73.0,0.0,Bengaluru,2016,12,Winter
2016-12-02,19.5,13.1,73.0,0.0,Bengaluru,2016,12,Winter
2016-12-03,21.3,7.9,73.0,0.0,Bengaluru,2016,12,Winter
2016-12-04,22.2,5.8,73.0,0.0,Bengaluru,2016,12,Winter
2016-12-05,19.2,5.3,73.0,0.0,Bengaluru,2016,12,Winter
2016-12-06,14.7,11.8,73.0,0.0,Bengaluru,2016,12,Winter
2016-12-07,21.6,6.2,73.0,0.0,Bengaluru,2016,12,Winter
2016-12-08,18.1,15.3,73.0,0.0,Bengaluru,2016,12,Winter
2016-12-09,16.5,3.8,73.0,0.0,Bengaluru,2016,12,Winter
2016-12-10,14.9,15.1,73.0,0.0,Bengaluru,2016,12,Winter
2016-12-11,22.2,10.6,73.0,0.0,Bengaluru,2016,12,Winter
2016-12-12,20.8,9.7,73.0,0.0,Bengaluru,2016,12,Winter
2016-12-13,20.1,8.4,73.0,0.0,Bengaluru,2016,12,Winter
2016-12-14,23.3,11.2,73.0,0.0,Bengaluru,2016,12,Winter
2016-12-15,21.8,9.9,73.0,0.0,Bengaluru,2016,12,Winter
2016-12-16,23.8,13.3,73.0,0.0,Bengaluru,2016,12,Winter
2016-12-17,17.8,10.3,73.0,0.0,Bengaluru,2016,12,Winter
2016-12-18,20.5,10.5,73.0,0.0,Bengaluru,2016,12,Winter
2016-12-19,17.3,8.9,73.0,0.0,Bengaluru,2016,12,Winter
2016-12-20,20.1,9.8,73.0,0.0,Bengaluru,2016,12,Winter
2016-12-21,20.0,10.9,73.0,0.0,Bengaluru,2016,12,Winter
2016-12-22,21.8,4.9,73.0,0.0,Bengaluru,2016,12,Winter
2016-12-23,20.6,6.0,73.0,0.0,Bengaluru,2016,12,Winter
2016-12-24,21.8,12.2,73.0,0.0,Bengaluru,2016,12,Winter
2016-12-25,21.9,10.5,73.0,0.0,Bengaluru,2016,12,Winter
2016-12-26,24.8,9.4,73.0,0.0,Bengaluru,2016,12,Winter
2016-12-27,19.9,10.1,73.0,0.0,Bengaluru,2016,12,Winter
2016-12-28,18.7,11.0,73.0,0.0,Bengaluru,2016,12,Winter
2016-12-29,21.0,8.4,73.0,0.0,Bengaluru,2016,12,Winter
2016-12-30,18.9,7.7,73.0,0.0,Bengaluru,2016,12,Winter
2016-12-31,23.5,10.6,73.0,0.0,Bengaluru,2016,12,Winter
2017-01-01,19.4,7.1,67.5,0.0,Bengaluru,2017,1,Winter
2017-01-02,18.9,11.2,67.5,0.0,Bengaluru,2017,1,Winter
2017-01-03,19.1,4.9,67.5,0.0,Bengaluru,2017,1,Winter
2017-01-04,21.4,13.1,67.5,0.0,Bengaluru,2017,1,Winter
2017-01-05,19.7,11.4,67.5,0.0,Bengaluru,2017,1,Winter
2017-01-06,18.7,10.8,67.5,0.0,Bengaluru,2017,1,Winter
2017-01-07,23.3,12.9,67.5,0.0,Bengaluru,2017,1,Winter
2017-01-08,18.3,15.0,67.5,0.0,Bengaluru,2017,1,Winter
2017-01-09,20.1,13.0,67.5,0.0,Bengaluru,2017,1,Winter
2017-01-10,21.3,4.5,67.5,0.0,Bengaluru,2017,1,Winter
2017-01-11,16.7,6.2,67.5,0.0,Bengaluru,2017,1,Winter
2017-01-12,21.0,8.1,67.5,0.0,Bengaluru,2017,1,Winter
2017-01-13,17.9,10.1,67.5,0.0,Bengaluru,2017,1,Winter
2017-01-14,21.6,11.6,67.5,0.0,Bengaluru,2017,1,Winter
2017-01-15,18.1,7.8,67.5,0.0,Bengaluru,2017,1,Winter
2017-01-16,21.4,10.6,67.5,0.0,Bengaluru,2017,1,Winter
2017-01-17,22.2,7.7,67.5,0.0,Bengaluru,2017,1,Winter
2017-01-18,21.7,8.2,67.5,0.0,Bengaluru,2017,1,Winter
2017-01-19,20.5,5.8,67.5,0.0,Bengaluru,2017,1,Winter
2017-01-20,19.5,7.2,67.5,0.0,Bengaluru,2017,1,Winter
2017-01-21,18.8,5.9,67.5,0.0,Bengaluru,2017,1,Winter
2017-01-22,22.9,7.1,67.5,0.0,Bengaluru,2017,1,Winter
2017-01-23,18.6,13.2,67.5,0.0,Bengaluru,2017,1,Winter
2017-01-24,17.9,7.2,67.5,0.0,Bengaluru,2017,1,Winter
2017-01-25,21.3,17.9,67.5,0.0,Bengaluru,2017,1,Winter
2017-01-26,18.4,11.5,67.5,0.0,Bengaluru,2017,1,Winter
2017-01-27,18.1,10.6,67.5,0.0,Bengaluru,2017,1,Winter
2017-01-28,17.1,7.4,67.5,0.0,Bengaluru,2017,1,Winter
2017-01-29,19.0,12.1,67.5,0.0,Bengaluru,2017,1,Winter
2017-01-30,19.8,8.3,67.5,0.0,Bengaluru,2017,1,Winter
2017-01-31,20.5,10.4,67.5,0.0,Bengaluru,2017,1,Winter
2017-02-01,22.4,17.7,60.0,0.0,Bengaluru,2017,2,Winter
2017-02-02,21.6,9.7,60.0,0.0,Bengaluru,2017,2,Winter
2017-02-03,20.2,13.4,60.0,0.0,Bengaluru,2017,2,Winter
2017-02-04,20.1,7.9,60.0,0.0,Bengaluru,2017,2,Winter
2017-02-05,21.6,9.9,60.0,0.0,Bengaluru,2017,2,Winter
2017-02-06,23.1,15.3,60.0,0.0,Bengaluru,2017,2,Winter
2017-02-07,20.8,8.1,60.0,0.0,Bengaluru,2017,2,Winter
2017-02-08,19.6,15.4,60.0,0.0,Bengaluru,2017,2,Winter
2017-02-09,18.6,12.1,60.0,0.0,Bengaluru,2017,2,Winter
2017-02-10,17.6,8.3,60.0,0.0,Bengaluru,2017,2,Winter
2017-02-11,21.9,11.9,60.0,0.0,Bengaluru,2017,2,Winter
2017-02-12,21.7,12.9,60.0,0.0,Bengaluru,2017,2,Winter
2017-02-13,21.7,11.9,60.0,0.0,Bengaluru,2017,2,Winter
2017-02-14,20.3,5.3,60.0,0.0,Bengaluru,2017,2,Winter
2017-02-15,23.3,7.8,60.0,0.0,Bengaluru,2017,2,Winter
2017-02-16,19.6,9.3,60.0,0.0,Bengaluru,2017,2,Winter
2017-02-17,22.4,9.8,60.0,0.0,Bengaluru,2017,2,Winter
2017-02-18,20.5,11.9,60.0,0.0,Bengaluru,2017,2,Winter
2017-02-19,19.3,10.5,60.0,0.0,Bengaluru,2017,2,Winter
2017-02-20,21.7,6.0,60.0,0.0,Bengaluru,2017,2,Winter
2017-02-21,21.4,11.1,60.0,0.0,Bengaluru,2017,2,Winter
2017-02-22,21.2,11.8,60.0,0.0,Bengaluru,2017,2,Winter
2017-02-23,20.7,11.7,60.0,0.0,Bengaluru,2017,2,Winter
2017-02-24,20.5,13.2,60.0,0.0,Bengaluru,2017,2,Winter
2017-02-25,25.3,12.5,60.0,0.0,Bengaluru,2017,2,Winter
2017-02-26,22.9,11.4,60.0,0.0,Bengaluru,2017,2,Winter
2017-02-27,22.0,9.8,60.0,0.0,Bengaluru,2017,2,Winter
2017-02-28,20.8,5.0,60.0,0.0,Bengaluru,2017,2,Winter
2017-03-01,24.0,11.3,52.5,0.0,Bengaluru,2017,3,Spring
2017-03-02,23.0,10.6,52.5,0.0,Bengaluru,2017,3,Spring
2017-03-03,22.1,10.8,52.5,0.0,Bengaluru,2017,3,Spring
2017-03-04,21.4,6.2,52.5,0.0,Bengaluru,2017,3,Spring
2017-03-05,21.8,6.8,52.5,0.0,Bengaluru,2017,3,Spring
2017-03-06,15.7,13.2,52.5,0.0,Bengaluru,2017,3,Spring
2017-03-07,22.4,9.9,52.5,0.0,Bengaluru,2017,3,Spring
2017-03-08,21.0,12.0,52.5,0.0,Bengaluru,2017,3,Spring
2017-03-09,25.2,10.1,52.5,0.0,Bengaluru,2017,3,Spring
2017-03-10,22.0,10.1,52.5,0.0,Bengaluru,2017,3,Spring
2017-03-11,19.6,12.8,52.5,0.0,Bengaluru,2017,3,Spring
2017-03-12,21.9,8.5,52.5,0.0,Bengaluru,2017,3,Spring
2017-03-13,19.9,10.3,52.5,0.0,Bengaluru,2017,3,Spring
2017-03-14,22.9,8.6,52.5,0.0,Bengaluru,2017,3,Spring
2017-03-15,22.6,8.7,52.5,0.0,Bengaluru,2017,3,Spring
2017-03-16,23.9,9.1,52.5,0.0,Bengaluru,2017,3,Spring
2017-03-17,20.4,10.7,52.5,0.0,Bengaluru,2017,3,Spring
2017-03-18,22.1,8.6,52.5,0.0,Bengaluru,2017,3,Spring
2017-03-19,19.3,13.8,52.5,0.0,Bengaluru,2017,3,Spring
2017-03-20,23.4,7.3,52.5,0.0,Bengaluru,2017,3,Spring
2017-03-21,23.0,9.4,52.5,0.0,Bengaluru,2017,3,Spring
2017-03-22,23.0,8.7,52.5,0.0,Bengaluru,2017,3,Spring
2017-03-23,22.0,14.3,52.5,0.0,Bengaluru,2017,3,Spring
2017-03-24,22.8,10.6,52.5,0.0,Bengaluru,2017,3,Spring
2017-03-25,25.2,13.1,52.5,0.0,Bengaluru,2017,3,Spring
2017-03-26,21.4,5.5,52.5,0.0,Bengaluru,2017,3,Spring
2017-03-27,22.3,10.8,52.5,0.0,Bengaluru,2017,3,Spring
2017-03-28,19.8,12.7,52.5,0.0,Bengaluru,2017,3,Spring
2017-03-29,20.3,10.2,52.5,0.0,Bengaluru,2017,3,Spring
2017-03-30,22.2,13.2,52.5,0.0,Bengaluru,2017,3,Spring
2017-03-31,24.2,8.4,52.5,0.0,Bengaluru,2017,3,Spring
2017-04-01,23.5,14.2,47.0,0.0,Bengaluru,2017,4,Spring
2017-04-02,23.5,16.9,47.0,0.0,Bengaluru,2017,4,Spring
2017-04-03,23.2,8.9,47.0,0.0,Bengaluru,2017,4,Spring
2017-04-04,22.9,8.7,47.0,0.0,Bengaluru,2017,4,Spring
2017-04-05,24.6,14.4,47.0,0.0,Bengaluru,2017,4,Spring
2017-04-06,21.0,14.7,47.0,0.0,Bengaluru,2017,4,Spring
2017-04-07,26.6,8.4,47.0,0.0,Bengaluru,2017,4,Spring
2017-04-08,22.7,8.7,47.0,0.0,Bengaluru,2017,4,Spring
2017-04-09,25.4,9.2,47.0,0.0,Bengaluru,2017,4,Spring
2017-04-10,21.5,6.0,47.0,0.0,Bengaluru,2017,4,Spring
2017-04-11,25.3,7.2,47.0,0.0,Bengaluru,2017,4,Spring
2017-04-12,25.3,7.0,47.0,0.0,Bengaluru,2017,4,Spring
2017-04-13,24.8,7.7,47.0,0.0,Bengaluru,2017,4,Spring
2017-04-14,22.0,9.9,47.0,0.0,Bengaluru,2017,4,Spring
2017-04-15,24.5,10.7,47.0,0.0,Bengaluru,2017,4,Spring
2017-04-16,21.6,14.7,47.0,0.0,Bengaluru,2017,4,Spring
2017-04-17,23.5,7.0,47.0,0.0,Bengaluru,2017,4,Spring
2017-04-18,26.1,13.0,47.0,0.0,Bengaluru,2017,4,Spring
2017-04-19,25.6,9.4,47.0,0.0,Bengaluru,2017,4,Spring
2017-04-20,24.0,9.9,47.0,0.0,Bengaluru,2017,4,Spring
2017-04-21,22.1,12.0,47.0,0.0,Bengaluru,2017,4,Spring
2017-04-22,25.3,6.6,47.0,0.0,Bengaluru,2017,4,Spring
2017-04-23,24.0,11.1,47.0,0.0,Bengaluru,2017,4,Spring
2017-04-24,19.4,10.5,47.0,0.0,Bengaluru,2017,4,Spring
2017-04-25,25.6,11.5,47.0,0.0,Bengaluru,2017,4,Spring
2017-04-26,24.0,10.9,47.0,0.0,Bengaluru,2017,4,Spring
2017-04-27,26.4,17.4,47.0,0.0,Bengaluru,2017,4,Spring
2017-04-28,21.8,8.1,47.0,0.0,Bengaluru,2017,4,Spring
2017-04-29,17.6,8.4,47.0,0.0,Bengaluru,2017,4,Spring
2017-04-30,24.6,8.1,47.0,0.0,Bengaluru,2017,4,Spring
2017-05-01,26.6,8.3,45.0,0.0,Bengaluru,2017,5,Spring
2017-05-02,22.6,8.1,45.0,0.0,Bengaluru,2017,5,Spring
2017-05-03,24.0,13.6,45.0,0.0,Bengaluru,2017,5,Spring
2017-05-04,31.5,14.3,45.0,0.0,Bengaluru,2017,5,Spring
2017-05-05,25.4,8.3,45.0,0.0,Bengaluru,2017,5,Spring
2017-05-06,27.5,7.5,45.0,0.0,Bengaluru,2017,5,Spring
2017-05-07,24.7,11.4,45.0,0.0,Bengaluru,2017,5,Spring
2017-05-08,21.8,8.3,45.0,0.0,Bengaluru,2017,5,Spring
2017-05-09,25.7,11.9,45.0,0.0,Bengaluru,2017,5,Spring
2017-05-10,25.5,10.6,45.0,0.0,Bengaluru,2017,5,Spring
2017-05-11,25.2,5.5,45.0,0.0,Bengaluru,2017,5,Spring
2017-05-12,25.8,14.6,45.0,0.0,Bengaluru,2017,5,Spring
2017-05-13,26.5,15.4,45.0,0.0,Bengaluru,2017,5,Spring
2017-05-14,25.7,8.2,45.0,0.0,Bengaluru,2017,5,Spring
2017-05-15,23.5,8.8,45.0,0.0,Bengaluru,2017,5,Spring
2017-05-16,27.0,10.9,45.0,0.0,Bengaluru,2017,5,Spring
2017-05-17,22.1,11.0,45.0,0.0,Bengaluru,2017,5,Spring
2017-05-18,21.9,12.0,45.0,0.0,Bengaluru,2017,5,Spring
2017-05-19,27.5,16.0,45.0,0.0,Bengaluru,2017,5,Spring
2017-05-20,27.0,9.5,45.0,0.0,Bengaluru,2017,5,Spring
2017-05-21,25.9,7.6,45.0,0.0,Bengaluru,2017,5,Spring
2017-05-22,23.2,5.9,45.0,0.0,Bengaluru,2017,5,Spring
2017-05-23,24.6,7.8,45.0,0.0,Bengaluru,2017,5,Spring
2017-05-24,25.5,9.9,45.0,0.0,Bengaluru,2017,5,Spring
2017-05-25,22.8,15.4,45.0,0.0,Bengaluru,2017,5,Spring
2017-05-26,24.5,8.4,45.0,0.0,Bengaluru,2017,5,Spring
2017-05-27,27.3,10.7,45.0,0.0,Bengaluru,2017,5,Spring
2017-05-28,28.9,10.0,45.0,0.0,Bengaluru,2017,5,Spring
2017-05-29,25.2,13.6,45.0,0.0,Bengaluru,2017,5,Spring
2017-05-30,27.5,17.6,45.0,0.0,Bengaluru,2017,5,Spring
2017-05-31,22.2,8.4,45.0,0.0,Bengaluru,2017,5,Spring
2017-06-01,28.8,8.5,47.0,0.57,Bengaluru,2017,6,Monsoon
2017-06-02,25.9,13.1,47.0,1.43,Bengaluru,2017,6,Monsoon
2017-06-03,28.1,12.0,47.0,4.85,Bengaluru,2017,6,Monsoon
2017-06-04,27.0,15.5,47.0,1.49,Bengaluru,2017,6,Monsoon
2017-06-05,30.1,11.8,47.0,4.17,Bengaluru,2017,6,Monsoon
2017-06-06,25.7,8.9,47.0,0.4,Bengaluru,2017,6,Monsoon
2017-06-07,28.7,11.8,47.0,4.45,Bengaluru,2017,6,Monsoon
2017-06-08,26.9,13.3,47.0,0.81,Bengaluru,2017,6,Monsoon
2017-06-09,27.1,12.5,47.0,3.39,Bengaluru,2017,6,Monsoon
2017-06-10,27.1,11.5,47.0,2.5,Bengaluru,2017,6,Monsoon
2017-06-11,25.8,13.2,47.0,7.94,Bengaluru,2017,6,Monsoon
2017-06-12,27.4,13.5,47.0,1.47,Bengaluru,2017,6,Monsoon
2017-06-13,27.3,14.1,47.0,0.21,Bengaluru,2017,6,Monsoon
2017-06-14,27.9,11.9,47.0,0.06,Bengaluru,2017,6,Monsoon
2017-06-15,27.6,9.5,47.0,5.26,Bengaluru,2017,6,Monsoon
2017-06-16,29.1,10.4,47.0,2.23,Bengaluru,2017,6,Monsoon
2017-06-17,29.3,13.6,47.0,4.48,Bengaluru,2017,6,Monsoon
2017-06-18,25.4,7.5,47.0,0.8,Bengaluru,2017,6,Monsoon
2017-06-19,29.2,11.1,47.0,1.27,Bengaluru,2017,6,Monsoon
2017-06-20,25.1,8.8,47.0,0.09,Bengaluru,2017,6,Monsoon
2017-06-21,28.6,10.1,47.0,9.77,Bengaluru,2017,6,Monsoon
2017-06-22,28.7,13.8,47.0,3.31,Bengaluru,2017,6,Monsoon
2017-06-23,23.6,10.6,47.0,8.12,Bengaluru,2017,6,Monsoon
2017-06-24,27.7,10.1,47.0,0.93,Bengaluru,2017,6,Monsoon
2017-06-25,26.5,5.9,47.0,2.84,Bengaluru,2017,6,Monsoon
2017-06-26,25.9,12.2,47.0,3.4,Bengaluru,2017,6,Monsoon
2017-06-27,30.2,11.9,47.0,1.15,Bengaluru,2017,6,Monsoon
2017-06-28,26.2,16.5,47.0,5.65,Bengaluru,2017,6,Monsoon
2017-06-29,25.9,9.1,47.0,8.82,Bengaluru,2017,6,Monsoon
2017-06-30,27.6,10.7,47.0,6.48,Bengaluru,2017,6,Monsoon
2017-07-01,29.4,10.7,52.5,4.03,Bengaluru,2017,7,Monsoon
2017-07-02,27.7,14.7,52.5,0.97,Bengaluru,2017,7,Monsoon
2017-07-03,30.3,9.7,52.5,0.99,Bengaluru,2017,7,Monsoon
2017-07-04,29.1,10.8,52.5,9.92,Bengaluru,2017,7,Monsoon
2017-07-05,23.6,11.8,52.5,0.03,Bengaluru,2017,7,Monsoon
2017-07-06,26.9,10.6,52.5,3.78,Bengaluru,2017,7,Monsoon
2017-07-07,26.9,8.7,52.5,3.68,Bengaluru,2017,7,Monsoon
2017-07-08,29.0,10.6,52.5,2.92,Bengaluru,2017,7,Monsoon
2017-07-09,22.8,13.2,52.5,13.85,Bengaluru,2017,7,Monsoon
2017-07-10,33.1,6.9,52.5,1.12,Bengaluru,2017,7,Monsoon
2017-07-11,29.1,10.4,52.5,1.25,Bengaluru,2017,7,Monsoon
2017-07-12,28.3,7.9,52.5,0.25,Bengaluru,2017,7,Monsoon
2017-07-13,30.4,13.6,52.5,1.75,Bengaluru,2017,7,Monsoon
2017-07-14,32.7,5.4,52.5,0.91,Bengaluru,2017,7,Monsoon
2017-07-15,29.7,8.3,52.5,1.26,Bengaluru,2017,7,Monsoon
2017-07-16,29.9,11.1,52.5,5.4,Bengaluru,2017,7,Monsoon
2017-07-17,28.3,14.7,52.5,8.22,Bengaluru,2017,7,Monsoon
2017-07-18,27.7,9.8,52.5,0.62,Bengaluru,2017,7,Monsoon
2017-07-19,27.0,8.3,52.5,1.4,Bengaluru,2017,7,Monsoon
2017-07-20,26.3,15.6,52.5,7.92,Bengaluru,2017,7,Monsoon
2017-07-21,26.6,5.7,52.5,0.19,Bengaluru,2017,7,Monsoon
2017-07-22,25.3,3.4,52.5,0.29,Bengaluru,2017,7,Monsoon
2017-07-23,27.8,11.3,52.5,0.53,Bengaluru,2017,7,Monsoon
2017-07-24,24.6,8.5,52.5,2.71,Bengaluru,2017,7,Monsoon
2017-07-25,28.4,6.9,52.5,0.49,Bengaluru,2017,7,Monsoon
2017-07-26,27.9,12.1,52.5,10.33,Bengaluru,2017,7,Monsoon
2017-07-27,28.3,10.7,52.5,1.78,Bengaluru,2017,7,Monsoon
2017-07-28,27.0,8.3,52.5,2.09,Bengaluru,2017,7,Monsoon
2017-07-29,34.2,6.2,52.5,0.85,Bengaluru,2017,7,Monsoon
2017-07-30,30.7,12.6,52.5,1.91,Bengaluru,2017,7,Monsoon
2017-07-31,25.5,12.0,52.5,3.25,Bengaluru,2017,7,Monsoon
2017-08-01,27.9,9.7,60.0,4.17,Bengaluru,2017,8,Monsoon
2017-08-02,26.2,15.5,60.0,4.21,Bengaluru,2017,8,Monsoon
2017-08-03,25.4,6.8,60.0,2.59,Bengaluru,2017,8,Monsoon
2017-08-04,24.8,5.4,60.0,7.04,Bengaluru,2017,8,Monsoon
2017-08-05,28.3,7.9,60.0,5.1,Bengaluru,2017,8,Monsoon
2017-08-06,26.1,9.9,60.0,4.24,Bengaluru,2017,8,Monsoon
2017-08-07,29.4,10.7,60.0,0.17,Bengaluru,2017,8,Monsoon
2017-08-08,29.5,9.3,60.0,0.02,Bengaluru,2017,8,Monsoon
2017-08-09,30.2,11.1,60.0,0.72,Bengaluru,2017,8,Monsoon
2017-08-10,25.8,6.2,60.0,3.27,Bengaluru,2017,8,Monsoon
2017-08-11,28.4,14.3,60.0,1.59,Bengaluru,2017,8,Monsoon
2017-08-12,28.7,9.8,60.0,1.54,Bengaluru,2017,8,Monsoon
2017-08-13,26.5,13.4,60.0,6.48,Bengaluru,2017,8,Monsoon
2017-08-14,25.9,11.0,60.0,6.78,Bengaluru,2017,8,Monsoon
2017-08-15,30.7,11.4,60.0,7.2,Bengaluru,2017,8,Monsoon
2017-08-16,27.9,11.7,60.0,1.13,Bengaluru,2017,8,Monsoon
2017-08-17,28.7,11.3,60.0,3.52,Bengaluru,2017,8,Monsoon
2017-08-18,25.8,11.9,60.0,0.95,Bengaluru,2017,8,Monsoon
2017-08-19,25.0,14.0,60.0,0.63,Bengaluru,2017,8,Monsoon
2017-08-20,26.3,10.6,60.0,0.61,Bengaluru,2017,8,Monsoon
2017-08-21,27.2,12.1,60.0,1.26,Bengaluru,2017,8,Monsoon
2017-08-22,25.3,9.7,60.0,1.69,Bengaluru,2017,8,Monsoon
2017-08-23,27.4,14.3,60.0,5.33,Bengaluru,2017,8,Monsoon
2017-08-24,24.1,8.0,60.0,0.38,Bengaluru,2017,8,Monsoon
2017-08-25,25.2,15.4,60.0,3.98,Bengaluru,2017,8,Monsoon
2017-08-26,28.8,9.9,60.0,2.27,Bengaluru,2017,8,Monsoon
2017-08-27,28.7,5.7,60.0,1.02,Bengaluru,2017,8,Monsoon
2017-08-28,26.7,10.4,60.0,2.04,Bengaluru,2017,8,Monsoon
2017-08-29,25.4,8.0,60.0,1.07,Bengaluru,2017,8,Monsoon
2017-08-30,25.4,12.5,60.0,2.72,Bengaluru,2017,8,Monsoon
2017-08-31,26.7,8.0,60.0,1.71,Bengaluru,2017,8,Monsoon
2017-09-01,27.3,8.7,67.5,0.54,Bengaluru,2017,9,Monsoon
2017-09-02,27.9,4.3,67.5,0.37,Bengaluru,2017,9,Monsoon
2017-09-03,25.0,8.6,67.5,2.37,Bengaluru,2017,9,Monsoon
2017-09-04,23.7,2.7,67.5,6.98,Bengaluru,2017,9,Monsoon
2017-09-05,26.5,5.2,67.5,1.26,Bengaluru,2017,9,Monsoon
2017-09-06,24.4,12.3,67.5,3.96,Bengaluru,2017,9,Monsoon
2017-09-07,25.0,12.4,67.5,3.22,Bengaluru,2017,9,Monsoon
2017-09-08,28.7,11.3,67.5,8.05,Bengaluru,2017,9,Monsoon
2017-09-09,27.7,7.1,67.5,5.16,Bengaluru,2017,9,Monsoon
2017-09-10,26.3,9.9,67.5,2.51,Bengaluru,2017,9,Monsoon
2017-09-11,23.5,10.0,67.5,3.21,Bengaluru,2017,9,Monsoon
2017-09-12,26.4,6.5,67.5,6.86,Bengaluru,2017,9,Monsoon
2017-09-13,28.1,14.5,67.5,1.53,Bengaluru,2017,9,Monsoon
2017-09-14,25.2,12.6,67.5,1.19,Bengaluru,2017,9,Monsoon
2017-09-15,28.7,9.3,67.5,0.03,Bengaluru,2017,9,Monsoon
2017-09-16,28.6,10.1,67.5,5.26,Bengaluru,2017,9,Monsoon
2017-09-17,29.3,10.6,67.5,4.84,Bengaluru,2017,9,Monsoon
2017-09-18,26.6,3.9,67.5,0.33,Bengaluru,2017,9,Monsoon
2017-09-19,27.2,9.3,67.5,2.58,Bengaluru,2017,9,Monsoon
2017-09-20,28.8,8.0,67.5,1.87,Bengaluru,2017,9,Monsoon
2017-09-21,26.9,7.0,67.5,0.38,Bengaluru,2017,9,Monsoon
2017-09-22,25.0,9.2,67.5,11.82,Bengaluru,2017,9,Monsoon
2017-09-23,25.1,15.4,67.5,0.73,Bengaluru,2017,9,Monsoon
2017-09-24,26.5,11.9,67.5,0.21,Bengaluru,2017,9,Monsoon
2017-09-25,23.4,8.3,67.5,2.71,Bengaluru,2017,9,Monsoon
2017-09-26,25.7,11.7,67.5,4.03,Bengaluru,2017,9,Monsoon
2017-09-27,28.2,14.2,67.5,0.1,Bengaluru,2017,9,Monsoon
2017-09-28,21.6,12.8,67.5,3.23,Bengaluru,2017,9,Monsoon
2017-09-29,29.1,10.2,67.5,2.28,Bengaluru,2017,9,Monsoon
2017-09-30,28.2,8.1,67.5,0.33,Bengaluru,2017,9,Monsoon
2017-10-01,23.1,12.1,73.0,0.57,Bengaluru,2017,10,Post-Monsoon
2017-10-02,25.1,11.2,73.0,2.52,Bengaluru,2017,10,Post-Monsoon
2017-10-03,24.0,12.7,73.0,1.05,Bengaluru,2017,10,Post-Monsoon
2017-10-04,26.5,11.9,73.0,8.36,Bengaluru,2017,10,Post-Monsoon
2017-10-05,26.0,13.1,73.0,5.12,Bengaluru,2017,10,Post-Monsoon
2017-10-06,21.2,8.4,73.0,12.33,Bengaluru,2017,10,Post-Monsoon
2017-10-07,25.2,14.0,73.0,0.9,Bengaluru,2017,10,Post-Monsoon
2017-10-08,23.6,10.6,73.0,10.49,Bengaluru,2017,10,Post-Monsoon
2017-10-09,24.2,16.2,73.0,1.69,Bengaluru,2017,10,Post-Monsoon
2017-10-10,22.5,7.9,73.0,1.28,Bengaluru,2017,10,Post-Monsoon
2017-10-11,27.5,15.2,73.0,0.15,Bengaluru,2017,10,Post-Monsoon
2017-10-12,26.1,10.6,73.0,0.16,Bengaluru,2017,10,Post-Monsoon
2017-10-13,22.5,8.0,73.0,3.53,Bengaluru,2017,10,Post-Monsoon
2017-10-14,21.3,8.5,73.0,1.84,Bengaluru,2017,10,Post-Monsoon
2017-10-15,23.2,9.0,73.0,0.77,Bengaluru,2017,10,Post-Monsoon
2017-10-16,24.9,11.3,73.0,2.86,Bengaluru,2017,10,Post-Monsoon
2017-10-17,24.5,11.6,73.0,0.87,Bengaluru,2017,10,Post-Monsoon
2017-10-18,26.5,8.3,73.0,2.59,Bengaluru,2017,10,Post-Monsoon
2017-10-19,25.6,9.9,73.0,1.34,Bengaluru,2017,10,Post-Monsoon
2017-10-20,25.9,16.4,73.0,5.2,Bengaluru,2017,10,Post-Monsoon
2017-10-21,24.7,15.2,73.0,5.16,Bengaluru,2017,10,Post-Monsoon
2017-10-22,21.2,11.3,73.0,1.95,Bengaluru,2017,10,Post-Monsoon
2017-10-23,23.6,10.1,73.0,1.3,Bengaluru,2017,10,Post-Monsoon
2017-10-24,26.1,10.4,73.0,1.35,Bengaluru,2017,10,Post-Monsoon
2017-10-25,23.9,11.8,73.0,4.92,Bengaluru,2017,10,Post-Monsoon
2017-10-26,25.0,6.9,73.0,1.19,Bengaluru,2017,10,Post-Monsoon
2017-10-27,23.4,9.2,73.0,0.7,Bengaluru,2017,10,Post-Monsoon
2017-10-28,21.9,5.0,73.0,0.27,Bengaluru,2017,10,Post-Monsoon
2017-10-29,23.8,11.2,73.0,1.89,Bengaluru,2017,10,Post-Monsoon
2017-10-30,24.6,11.9,73.0,1.97,Bengaluru,2017,10,Post-Monsoon
2017-10-31,22.7,8.6,73.0,5.51,Bengaluru,2017,10,Post-Monsoon
2017-11-01,21.5,14.7,75.0,0.75,Bengaluru,2017,11,Post-Monsoon
2017-11-02,20.1,6.3,75.0,1.44,Bengaluru,2017,11,Post-Monsoon
2017-11-03,24.2,5.6,75.0,4.96,Bengaluru,2017,11,Post-Monsoon
2017-11-04,21.4,10.7,75.0,5.21,Bengaluru,2017,11,Post-Monsoon
2017-11-05,24.9,13.1,75.0,1.46,Bengaluru,2017,11,Post-Monsoon
2017-11-06,25.1,15.1,75.0,1.84,Bengaluru,2017,11,Post-Monsoon
2017-11-07,21.8,8.6,75.0,1.08,Bengaluru,2017,11,Post-Monsoon
2017-11-08,20.0,13.2,75.0,8.09,Bengaluru,2017,11,Post-Monsoon
2017-11-09,17.8,9.9,75.0,0.38,Bengaluru,2017,11,Post-Monsoon
2017-11-10,19.1,9.5,75.0,8.14,Bengaluru,2017,11,Post-Monsoon
2017-11-11,19.3,12.7,75.0,3.45,Bengaluru,2017,11,Post-Monsoon
2017-11-12,24.8,12.0,75.0,2.28,Bengaluru,2017,11,Post-Monsoon
2017-11-13,22.2,5.3,75.0,0.1,Bengaluru,2017,11,Post-Monsoon
2017-11-14,22.8,14.4,75.0,1.94,Bengaluru,2017,11,Post-Monsoon
2017-11-15,17.6,14.1,75.0,1.57,Bengaluru,2017,11,Post-Monsoon
2017-11-16,19.6,8.1,75.0,0.53,Bengaluru,2017,11,Post-Monsoon
2017-11-17,23.8,11.2,75.0,3.2,Bengaluru,2017,11,Post-Monsoon
2017-11-18,22.6,11.5,75.0,10.64,Bengaluru,2017,11,Post-Monsoon
2017-11-19,21.7,10.8,75.0,2.48,Bengaluru,2017,11,Post-Monsoon
2017-11-20,23.1,8.3,75.0,3.76,Bengaluru,2017,11,Post-Monsoon
2017-11-21,25.3,8.0,75.0,0.21,Bengaluru,2017,11,Post-Monsoon
2017-11-22,21.6,9.9,75.0,1.62,Bengaluru,2017,11,Post-Monsoon
2017-11-23,22.1,13.5,75.0,0.37,Bengaluru,2017,11,Post-Monsoon
2017-11-24,22.4,11.6,75.0,2.85,Bengaluru,2017,11,Post-Monsoon
2017-11-25,26.8,8.9,75.0,8.37,Bengaluru,2017,11,Post-Monsoon
2017-11-26,17.8,12.3,75.0,3.25,Bengaluru,2017,11,Post-Monsoon
2017-11-27,23.4,1.5,75.0,0.24,Bengaluru,2017,11,Post-Monsoon
2017-11-28,21.8,13.4,75.0,1.31,Bengaluru,2017,11,Post-Monsoon
2017-11-29,23.1,4.8,75.0,2.4,Bengaluru,2017,11,Post-Monsoon
2017-11-30,20.7,8.9,75.0,1.55,Bengaluru,2017,11,Post-Monsoon
2017-12-01,20.4,6.6,73.0,0.0,Bengaluru,2017,12,Winter
2017-12-02,22.0,6.1,73.0,0.0,Bengaluru,2017,12,Winter
2017-12-03,26.8,13.5,73.0,0.0,Bengaluru,2017,12,Winter
2017-12-04,22.2,8.6,73.0,0.0,Bengaluru,2017,12,Winter
2017-12-05,18.8,11.0,73.0,0.0,Bengaluru,2017,12,Winter
2017-12-06,19.7,9.9,73.0,0.0,Bengaluru,2017,12,Winter
2017-12-07,19.6,11.4,73.0,0.0,Bengaluru,2017,12,Winter
2017-12-08,16.9,10.2,73.0,0.0,Bengaluru,2017,12,Winter
2017-12-09,19.9,6.2,73.0,0.0,Bengaluru,2017,12,Winter
2017-12-10,22.0,13.0,73.0,0.0,Bengaluru,2017,12,Winter
2017-12-11,18.0,8.5,73.0,0.0,Bengaluru,2017,12,Winter
2017-12-12,22.6,5.3,73.0,0.0,Bengaluru,2017,12,Winter
2017-12-13,21.5,8.7,73.0,0.0,Bengaluru,2017,12,Winter
2017-12-14,19.1,14.5,73.0,0.0,Bengaluru,2017,12,Winter
2017-12-15,20.3,12.6,73.0,0.0,Bengaluru,2017,12,Winter
2017-12-16,23.7,9.0,73.0,0.0,Bengaluru,2017,12,Winter
2017-12-17,22.0,9.0,73.0,0.0,Bengaluru,2017,12,Winter
2017-12-18,20.6,9.0,73.0,0.0,Bengaluru,2017,12,Winter
2017-12-19,20.1,16.2,73.0,0.0,Bengaluru,2017,12,Winter
2017-12-20,20.7,11.1,73.0,0.0,Bengaluru,2017,12,Winter
2017-12-21,19.5,11.3,73.0,0.0,Bengaluru,2017,12,Winter
2017-12-22,16.3,13.1,73.0,0.0,Bengaluru,2017,12,Winter
2017-12-23,24.6,10.7,73.0,0.0,Bengaluru,2017,12,Winter
2017-12-24,20.8,9.2,73.0,0.0,Bengaluru,2017,12,Winter
2017-12-25,21.3,9.4,73.0,0.0,Bengaluru,2017,12,Winter
2017-12-26,20.4,9.8,73.0,0.0,Bengaluru,2017,12,Winter
2017-12-27,19.1,9.9,73.0,0.0,Bengaluru,2017,12,Winter
2017-12-28,20.2,12.2,73.0,0.0,Bengaluru,2017,12,Winter
2017-12-29,17.3,10.2,73.0,0.0,Bengaluru,2017,12,Winter
2017-12-30,25.1,12.2,73.0,0.0,Bengaluru,2017,12,Winter
2017-12-31,18.1,9.8,73.0,0.0,Bengaluru,2017,12,Winter
2018-01-01,17.9,10.2,67.5,0.0,Bengaluru,2018,1,Winter
2018-01-02,19.1,4.0,67.5,0.0,Bengaluru,2018,1,Winter
2018-01-03,22.6,12.7,67.5,0.0,Bengaluru,2018,1,Winter
2018-01-04,20.0,11.0,67.5,0.0,Bengaluru,2018,1,Winter
2018-01-05,17.5,13.0,67.5,0.0,Bengaluru,2018,1,Winter
2018-01-06,22.5,1.3,67.5,0.0,Bengaluru,2018,1,Winter
2018-01-07,21.5,16.3,67.5,0.0,Bengaluru,2018,1,Winter
2018-01-08,21.1,9.6,67.5,0.0,Bengaluru,2018,1,Winter
2018-01-09,21.4,13.3,67.5,0.0,Bengaluru,2018,1,Winter
2018-01-10,24.8,6.9,67.5,0.0,Bengaluru,2018,1,Winter
2018-01-11,24.4,11.8,67.5,0.0,Bengaluru,2018,1,Winter
2018-01-12,18.6,6.8,67.5,0.0,Bengaluru,2018,1,Winter
2018-01-13,23.2,8.1,67.5,0.0,Bengaluru,2018,1,Winter
2018-01-14,20.8,15.7,67.5,0.0,Bengaluru,2018,1,Winter
2018-01-15,21.0,9.4,67.5,0.0,Bengaluru,2018,1,Winter
2018-01-16,16.6,10.7,67.5,0.0,Bengaluru,2018,1,Winter
2018-01-17,19.7,12.6,67.5,0.0,Bengaluru,2018,1,Winter
2018-01-18,18.4,11.5,67.5,0.0,Bengaluru,2018,1,Winter
2018-01-19,21.7,10.5,67.5,0.0,Bengaluru,2018,1,Winter
2018-01-20,22.1,11.1,67.5,0.0,Bengaluru,2018,1,Winter
2018-01-21,15.9,17.2,67.5,0.0,Bengaluru,2018,1,Winter
2018-01-22,20.0,9.8,67.5,0.0,Bengaluru,2018,1,Winter
2018-01-23,22.2,10.6,67.5,0.0,Bengaluru,2018,1,Winter
2018-01-24,19.6,13.2,67.5,0.0,Bengaluru,2018,1,Winter
2018-01-25,21.5,13.3,67.5,0.0,Bengaluru,2018,1,Winter
2018-01-26,20.7,13.6,67.5,0.0,Bengaluru,2018,1,Winter
2018-01-27,20.7,11.9,67.5,0.0,Bengaluru,2018,1,Winter
2018-01-28,19.5,6.6,67.5,0.0,Bengaluru,2018,1,Winter
2018-01-29,17.6,14.9,67.5,0.0,Bengaluru,2018,1,Winter
2018-01-30,17.8,6.6,67.5,0.0,Bengaluru,2018,1,Winter
2018-01-31,21.4,10.9,67.5,0.0,Bengaluru,2018,1,Winter
2018-02-01,20.6,7.7,60.0,0.0,Bengaluru,2018,2,Winter
2018-02-02,20.3,9.8,60.0,0.0,Bengaluru,2018,2,Winter
2018-02-03,19.7,11.0,60.0,0.0,Bengaluru,2018,2,Winter
2018-02-04,19.9,11.0,60.0,0.0,Bengaluru,2018,2,Winter
2018-02-05,22.6,11.3,60.0,0.0,Bengaluru,2018,2,Winter
2018-02-06,19.9,14.8,60.0,0.0,Bengaluru,2018,2,Winter
2018-02-07,17.9,11.4,60.0,0.0,Bengaluru,2018,2,Winter
2018-02-08,22.0,9.3,60.0,0.0,Bengaluru,2018,2,Winter
2018-02-09,20.1,12.9,60.0,0.0,Bengaluru,2018,2,Winter
2018-02-10,20.6,13.6,60.0,0.0,Bengaluru,2018,2,Winter
2018-02-11,23.8,6.3,60.0,0.0,Bengaluru,2018,2,Winter
2018-02-12,20.5,11.8,60.0,0.0,Bengaluru,2018,2,Winter
2018-02-13,21.1,12.1,60.0,0.0,Bengaluru,2018,2,Winter
2018-02-14,18.2,9.1,60.0,0.0,Bengaluru,2018,2,Winter
2018-02-15,20.1,14.1,60.0,0.0,Bengaluru,2018,2,Winter
2018-02-16,21.8,9.5,60.0,0.0,Bengaluru,2018,2,Winter
2018-02-17,17.4,10.4,60.0,0.0,Bengaluru,2018,2,Winter
2018-02-18,20.9,9.5,60.0,0.0,Bengaluru,2018,2,Winter
2018-02-19,20.7,10.0,60.0,0.0,Bengaluru,2018,2,Winter
2018-02-20,20.6,6.7,60.0,0.0,Bengaluru,2018,2,Winter
2018-02-21,22.6,5.7,60.0,0.0,Bengaluru,2018,2,Winter
2018-02-22,21.2,14.8,60.0,0.0,Bengaluru,2018,2,Winter
2018-02-23,23.5,7.5,60.0,0.0,Bengaluru,2018,2,Winter
2018-02-24,18.5,7.0,60.0,0.0,Bengaluru,2018,2,Winter
2018-02-25,20.8,3.5,60.0,0.0,Bengaluru,2018,2,Winter
2018-02-26,20.7,8.1,60.0,0.0,Bengaluru,2018,2,Winter
2018-02-27,18.4,6.0,60.0,0.0,Bengaluru,2018,2,Winter
2018-02-28,22.4,14.9,60.0,0.0,Bengaluru,2018,2,Winter
2018-03-01,26.6,13.0,52.5,0.0,Bengaluru,2018,3,Spring
2018-03-02,22.0,7.9,52.5,0.0,Bengaluru,2018,3,Spring
2018-03-03,23.0,16.8,52.5,0.0,Bengaluru,2018,3,Spring
2018-03-04,22.2,12.9,52.5,0.0,Bengaluru,2018,3,Spring
2018-03-05,20.6,9.0,52.5,0.0,Bengaluru,2018,3,Spring
2018-03-06,18.4,2.5,52.5,0.0,Bengaluru,2018,3,Spring
2018-03-07,20.6,16.9,52.5,0.0,Bengaluru,2018,3,Spring
2018-03-08,19.2,5.8,52.5,0.0,Bengaluru,2018,3,Spring
2018-03-09,25.4,5.1,52.5,0.0,Bengaluru,2018,3,Spring
2018-03-10,21.8,13.1,52.5,0.0,Bengaluru,2018,3,Spring
2018-03-11,21.3,17.3,52.5,0.0,Bengaluru,2018,3,Spring
2018-03-12,23.8,14.2,52.5,0.0,Bengaluru,2018,3,Spring
2018-03-13,19.8,11.7,52.5,0.0,Bengaluru,2018,3,Spring
2018-03-14,20.5,11.8,52.5,0.0,Bengaluru,2018,3,Spring
2018-03-15,22.1,12.6,52.5,0.0,Bengaluru,2018,3,Spring
2018-03-16,24.1,12.3,52.5,0.0,Bengaluru,2018,3,Spring
2018-03-17,23.0,10.8,52.5,0.0,Bengaluru,2018,3,Spring
2018-03-18,22.5,10.3,52.5,0.0,Bengaluru,2018,3,Spring
2018-03-19,22.2,9.8,52.5,0.0,Bengaluru,2018,3,Spring
2018-03-20,22.8,7.7,52.5,0.0,Bengaluru,2018,3,Spring
2018-03-21,22.4,9.2,52.5,0.0,Bengaluru,2018,3,Spring
2018-03-22,19.9,4.9,52.5,0.0,Bengaluru,2018,3,Spring
2018-03-23,22.1,9.7,52.5,0.0,Bengaluru,2018,3,Spring
2018-03-24,19.9,7.0,52.5,0.0,Bengaluru,2018,3,Spring
2018-03-25,22.2,6.7,52.5,0.0,Bengaluru,2018,3,Spring
2018-03-26,21.0,10.5,52.5,0.0,Bengaluru,2018,3,Spring
2018-03-27,27.1,14.2,52.5,0.0,Bengaluru,2018,3,Spring
2018-03-28,21.9,12.8,52.5,0.0,Bengaluru,2018,3,Spring
2018-03-29,19.2,5.3,52.5,0.0,Bengaluru,2018,3,Spring
2018-03-30,21.7,7.0,52.5,0.0,Bengaluru,2018,3,Spring
2018-03-31,23.0,12.8,52.5,0.0,Bengaluru,2018,3,Spring
2018-04-01,27.3,7.1,47.0,0.0,Bengaluru,2018,4,Spring
2018-04-02,22.8,9.3,47.0,0.0,Bengaluru,2018,4,Spring
2018-04-03,20.8,11.7,47.0,0.0,Bengaluru,2018,4,Spring
2018-04-04,25.6,7.1,47.0,0.0,Bengaluru,2018,4,Spring
2018-04-05,21.2,10.3,47.0,0.0,Bengaluru,2018,4,Spring
2018-04-06,23.1,6.0,47.0,0.0,Bengaluru,2018,4,Spring
2018-04-07,23.5,8.2,47.0,0.0,Bengaluru,2018,4,Spring
2018-04-08,23.9,11.0,47.0,0.0,Bengaluru,2018,4,Spring
2018-04-09,25.4,5.2,47.0,0.0,Bengaluru,2018,4,Spring
2018-04-10,22.6,11.3,47.0,0.0,Bengaluru,2018,4,Spring
2018-04-11,23.5,9.9,47.0,0.0,Bengaluru,2018,4,Spring
2018-04-12,24.0,11.7,47.0,0.0,Bengaluru,2018,4,Spring
2018-04-13,24.3,10.7,47.0,0.0,Bengaluru,2018,4,Spring
2018-04-14,24.2,14.1,47.0,0.0,Bengaluru,2018,4,Spring
2018-04-15,24.9,10.4,47.0,0.0,Bengaluru,2018,4,Spring
2018-04-16,25.7,8.7,47.0,0.0,Bengaluru,2018,4,Spring
2018-04-17,24.8,10.4,47.0,0.0,Bengaluru,2018,4,Spring
2018-04-18,24.9,11.6,47.0,0.0,Bengaluru,2018,4,Spring
2018-04-19,20.8,10.1,47.0,0.0,Bengaluru,2018,4,Spring
2018-04-20,24.1,10.1,47.0,0.0,Bengaluru,2018,4,Spring
2018-04-21,25.0,7.9,47.0,0.0,Bengaluru,2018,4,Spring
2018-04-22,25.5,8.0,47.0,0.0,Bengaluru,2018,4,Spring
2018-04-23,22.6,5.8,47.0,0.0,Bengaluru,2018,4,Spring
2018-04-24,22.7,15.2,47.0,0.0,Bengaluru,2018,4,Spring
2018-04-25,22.9,6.3,47.0,0.0,Bengaluru,2018,4,Spring
2018-04-26,25.1,7.9,47.0,0.0,Bengaluru,2018,4,Spring
2018-04-27,26.1,7.8,47.0,0.0,Bengaluru,2018,4,Spring
2018-04-28,23.2,12.7,47.0,0.0,Bengaluru,2018,4,Spring
2018-04-29,25.8,9.1,47.0,0.0,Bengaluru,2018,4,Spring
2018-04-30,24.2,13.7,47.0,0.0,Bengaluru,2018,4,Spring
2018-05-01,25.8,8.0,45.0,0.0,Bengaluru,2018,5,Spring
2018-05-02,25.6,10.8,45.0,0.0,Bengaluru,2018,5,Spring
2018-05-03,27.5,7.5,45.0,0.0,Bengaluru,2018,5,Spring
2018-05-04,26.7,16.4,45.0,0.0,Bengaluru,2018,5,Spring
2018-05-05,30.6,6.4,45.0,0.0,Bengaluru,2018,5,Spring
2018-05-06,24.3,10.9,45.0,0.0,Bengaluru,2018,5,Spring
2018-05-07,27.0,11.9,45.0,0.0,Bengaluru,2018,5,Spring
2018-05-08,24.9,11.2,45.0,0.0,Bengaluru,2018,5,Spring
2018-05-09,24.3,9.4,45.0,0.0,Bengaluru,2018,5,Spring
2018-05-10,26.0,9.6,45.0,0.0,Bengaluru,2018,5,Spring
2018-05-11,26.3,10.1,45.0,0.0,Bengaluru,2018,5,Spring
2018-05-12,31.8,9.6,45.0,0.0,Bengaluru,2018,5,Spring
2018-05-13,25.6,12.9,45.0,0.0,Bengaluru,2018,5,Spring
2018-05-14,23.7,16.6,45.0,0.0,Bengaluru,2018,5,Spring
2018-05-15,26.5,8.3,45.0,0.0,Bengaluru,2018,5,Spring
2018-05-16,21.9,5.9,45.0,0.0,Bengaluru,2018,5,Spring
2018-05-17,25.8,9.7,45.0,0.0,Bengaluru,2018,5,Spring
2018-05-18,26.0,17.7,45.0,0.0,Bengaluru,2018,5,Spring
2018-05-19,27.6,7.6,45.0,0.0,Bengaluru,2018,5,Spring
2018-05-20,27.9,14.9,45.0,0.0,Bengaluru,2018,5,Spring
2018-05-21,25.0,15.0,45.0,0.0,Bengaluru,2018,5,Spring
2018-05-22,25.7,8.3,45.0,0.0,Bengaluru,2018,5,Spring
2018-05-23,24.5,11.7,45.0,0.0,Bengaluru,2018,5,Spring
2018-05-24,23.7,14.9,45.0,0.0,Bengaluru,2018,5,Spring
2018-05-25,26.6,8.9,45.0,0.0,Bengaluru,2018,5,Spring
2018-05-26,23.5,9.4,45.0,0.0,Bengaluru,2018,5,Spring
2018-05-27,25.2,8.3,45.0,0.0,Bengaluru,2018,5,Spring
2018-05-28,24.0,7.0,45.0,0.0,Bengaluru,2018,5,Spring
2018-05-29,27.1,8.1,45.0,0.0,Bengaluru,2018,5,Spring
2018-05-30,29.6,6.3,45.0,0.0,Bengaluru,2018,5,Spring
2018-05-31,23.4,10.1,45.0,0.0,Bengaluru,2018,5,Spring
2018-06-01,23.8,7.7,47.0,1.03,Bengaluru,2018,6,Monsoon
2018-06-02,27.2,10.7,47.0,1.89,Bengaluru,2018,6,Monsoon
2018-06-03,27.5,5.3,47.0,2.9,Bengaluru,2018,6,Monsoon
2018-06-04,27.9,11.0,47.0,1.59,Bengaluru,2018,6,Monsoon
2018-06-05,26.6,12.5,47.0,1.67,Bengaluru,2018,6,Monsoon
2018-06-06,27.1,4.0,47.0,1.2,Bengaluru,2018,6,Monsoon
2018-06-07,28.2,11.1,47.0,2.49,Bengaluru,2018,6,Monsoon
2018-06-08,29.5,13.7,47.0,5.7,Bengaluru,2018,6,Monsoon
2018-06-09,23.6,6.4,47.0,0.68,Bengaluru,2018,6,Monsoon
2018-06-10,26.7,15.0,47.0,8.17,Bengaluru,2018,6,Monsoon
2018-06-11,27.9,11.3,47.0,3.5,Bengaluru,2018,6,Monsoon
2018-06-12,25.6,7.9,47.0,5.2,Bengaluru,2018,6,Monsoon
2018-06-13,30.9,9.8,47.0,2.44,Bengaluru,2018,6,Monsoon
2018-06-14,26.2,11.7,47.0,4.54,Bengaluru,2018,6,Monsoon
2018-06-15,27.4,10.2,47.0,0.05,Bengaluru,2018,6,Monsoon
2018-06-16,28.6,11.6,47.0,5.12,Bengaluru,2018,6,Monsoon
2018-06-17,26.3,7.2,47.0,0.12,Bengaluru,2018,6,Monsoon
2018-06-18,23.8,10.5,47.0,6.62,Bengaluru,2018,6,Monsoon
2018-06-19,26.6,5.8,47.0,14.47,Bengaluru,2018,6,Monsoon
2018-06-20,29.5,9.7,47.0,1.04,Bengaluru,2018,6,Monsoon
2018-06-21,26.8,7.3,47.0,0.71,Bengaluru,2018,6,Monsoon
2018-06-22,25.8,7.8,47.0,4.35,Bengaluru,2018,6,Monsoon
2018-06-23,29.3,13.7,47.0,0.88,Bengaluru,2018,6,Monsoon
2018-06-24,26.8,13.3,47.0,6.02,Bengaluru,2018,6,Monsoon
2018-06-25,26.4,11.8,47.0,0.33,Bengaluru,2018,6,Monsoon
2018-06-26,27.8,6.7,47.0,0.4,Bengaluru,2018,6,Monsoon
2018-06-27,29.0,9.1,47.0,11.61,Bengaluru,2018,6,Monsoon
2018-06-28,32.2,13.6,47.0,3.36,Bengaluru,2018,6,Monsoon
2018-06-29,29.1,10.4,47.0,5.63,Bengaluru,2018,6,Monsoon
2018-06-30,29.8,17.0,47.0,1.18,Bengaluru,2018,6,Monsoon
2018-07-01,27.0,11.2,52.5,3.39,Bengaluru,2018,7,Monsoon
2018-07-02,25.9,10.6,52.5,2.71,Bengaluru,2018,7,Monsoon
2018-07-03,28.1,9.1,52.5,2.77,Bengaluru,2018,7,Monsoon
2018-07-04,28.2,10.4,52.5,3.44,Bengaluru,2018,7,Monsoon
2018-07-05,25.8,9.5,52.5,2.57,Bengaluru,2018,7,Monsoon
2018-07-06,27.6,12.1,52.5,1.68,Bengaluru,2018,7,Monsoon
2018-07-07,28.8,12.9,52.5,0.97,Bengaluru,2018,7,Monsoon
2018-07-08,28.7,7.6,52.5,4.39,Bengaluru,2018,7,Monsoon
2018-07-09,29.0,6.0,52.5,0.77,Bengaluru,2018,7,Monsoon
2018-07-10,28.6,4.5,52.5,3.54,Bengaluru,2018,7,Monsoon
2018-07-11,27.0,11.5,52.5,0.8,Bengaluru,2018,7,Monsoon
2018-07-12,27.0,6.7,52.5,2.95,Bengaluru,2018,7,Monsoon
2018-07-13,25.6,3.5,52.5,4.12,Bengaluru,2018,7,Monsoon
2018-07-14,31.6,11.2,52.5,0.74,Bengaluru,2018,7,Monsoon
2018-07-15,28.0,17.5,52.5,0.19,Bengaluru,2018,7,Monsoon
2018-07-16,27.6,10.0,52.5,0.42,Bengaluru,2018,7,Monsoon
2018-07-17,26.1,12.5,52.5,2.79,Bengaluru,2018,7,Monsoon
2018-07-18,33.9,10.2,52.5,5.68,Bengaluru,2018,7,Monsoon
2018-07-19,25.9,9.7,52.5,0.14,Bengaluru,2018,7,Monsoon
2018-07-20,27.1,12.8,52.5,3.97,Bengaluru,2018,7,Monsoon
2018-07-21,28.8,9.1,52.5,1.25,Bengaluru,2018,7,Monsoon
2018-07-22,29.2,10.8,52.5,1.95,Bengaluru,2018,7,Monsoon
2018-07-23,29.9,11.0,52.5,7.93,Bengaluru,2018,7,Monsoon
2018-07-24,31.6,8.0,52.5,1.21,Bengaluru,2018,7,Monsoon
2018-07-25,29.0,13.0,52.5,1.88,Bengaluru,2018,7,Monsoon
2018-07-26,25.9,9.5,52.5,0.04,Bengaluru,2018,7,Monsoon
2018-07-27,27.5,7.7,52.5,0.26,Bengaluru,2018,7,Monsoon
2018-07-28,28.6,11.6,52.5,0.9,Bengaluru,2018,7,Monsoon
2018-07-29,32.1,7.3,52.5,0.08,Bengaluru,2018,7,Monsoon
2018-07-30,25.2,10.1,52.5,2.99,Bengaluru,2018,7,Monsoon
2018-07-31,30.4,10.0,52.5,1.67,Bengaluru,2018,7,Monsoon
2018-08-01,27.8,13.3,60.0,2.38,Bengaluru,2018,8,Monsoon
2018-08-02,29.1,11.4,60.0,0.58,Bengaluru,2018,8,Monsoon
2018-08-03,27.3,9.9,60.0,1.05,Bengaluru,2018,8,Monsoon
2018-08-04,25.8,12.5,60.0,3.27,Bengaluru,2018,8,Monsoon
2018-08-05,29.0,14.2,60.0,10.08,Bengaluru,2018,8,Monsoon
2018-08-06,28.8,11.7,60.0,0.16,Bengaluru,2018,8,Monsoon
2018-08-07,29.4,10.0,60.0,6.63,Bengaluru,2018,8,Monsoon
2018-08-08,27.4,6.1,60.0,2.58,Bengaluru,2018,8,Monsoon
2018-08-09,26.3,6.8,60.0,2.49,Bengaluru,2018,8,Monsoon
2018-08-10,24.3,9.1,60.0,2.08,Bengaluru,2018,8,Monsoon
2018-08-11,29.1,8.2,60.0,0.22,Bengaluru,2018,8,Monsoon
2018-08-12,28.3,9.4,60.0,0.28,Bengaluru,2018,8,Monsoon
2018-08-13,25.5,10.2,60.0,2.76,Bengaluru,2018,8,Monsoon
2018-08-14,26.4,11.6,60.0,1.25,Bengaluru,2018,8,Monsoon
2018-08-15,26.5,9.8,60.0,7.48,Bengaluru,2018,8,Monsoon
2018-08-16,24.5,11.5,60.0,1.57,Bengaluru,2018,8,Monsoon
2018-08-17,25.8,10.2,60.0,0.46,Bengaluru,2018,8,Monsoon
2018-08-18,25.2,4.1,60.0,3.76,Bengaluru,2018,8,Monsoon
2018-08-19,26.6,7.2,60.0,1.04,Bengaluru,2018,8,Monsoon
2018-08-20,26.0,9.6,60.0,2.24,Bengaluru,2018,8,Monsoon
2018-08-21,24.2,6.4,60.0,3.59,Bengaluru,2018,8,Monsoon
2018-08-22,31.5,11.8,60.0,6.92,Bengaluru,2018,8,Monsoon
2018-08-23,30.0,14.6,60.0,4.71,Bengaluru,2018,8,Monsoon
2018-08-24,25.9,13.7,60.0,3.38,Bengaluru,2018,8,Monsoon
2018-08-25,28.0,9.4,60.0,3.41,Bengaluru,2018,8,Monsoon
2018-08-26,28.3,14.5,60.0,8.75,Bengaluru,2018,8,Monsoon
2018-08-27,29.8,10.4,60.0,1.05,Bengaluru,2018,8,Monsoon
2018-08-28,25.8,9.0,60.0,0.0,Bengaluru,2018,8,Monsoon
2018-08-29,29.6,8.2,60.0,0.95,Bengaluru,2018,8,Monsoon
2018-08-30,26.4,9.1,60.0,0.74,Bengaluru,2018,8,Monsoon
2018-08-31,24.8,8.8,60.0,3.25,Bengaluru,2018,8,Monsoon
2018-09-01,27.4,10.5,67.5,3.01,Bengaluru,2018,9,Monsoon
2018-09-02,28.6,10.5,67.5,2.7,Bengaluru,2018,9,Monsoon
2018-09-03,31.2,10.0,67.5,0.05,Bengaluru,2018,9,Monsoon
2018-09-04,23.6,11.3,67.5,3.91,Bengaluru,2018,9,Monsoon
2018-09-05,27.4,13.6,67.5,1.17,Bengaluru,2018,9,Monsoon
2018-09-06,25.2,12.8,67.5,3.28,Bengaluru,2018,9,Monsoon
2018-09-07,27.6,5.5,67.5,2.44,Bengaluru,2018,9,Monsoon
2018-09-08,23.1,2.3,67.5,1.26,Bengaluru,2018,9,Monsoon
2018-09-09,23.5,12.8,67.5,0.43,Bengaluru,2018,9,Monsoon
2018-09-10,24.4,5.9,67.5,0.3,Bengaluru,2018,9,Monsoon
2018-09-11,26.2,9.3,67.5,5.34,Bengaluru,2018,9,Monsoon
2018-09-12,24.7,6.5,67.5,7.52,Bengaluru,2018,9,Monsoon
2018-09-13,27.3,4.6,67.5,3.15,Bengaluru,2018,9,Monsoon
2018-09-14,28.1,11.6,67.5,0.33,Bengaluru,2018,9,Monsoon
2018-09-15,27.2,12.3,67.5,1.54,Bengaluru,2018,9,Monsoon
2018-09-16,29.2,8.3,67.5,3.92,Bengaluru,2018,9,Monsoon
2018-09-17,26.8,2.2,67.5,4.54,Bengaluru,2018,9,Monsoon
2018-09-18,23.6,8.4,67.5,0.38,Bengaluru,2018,9,Monsoon
2018-09-19,28.7,11.2,67.5,0.0,Bengaluru,2018,9,Monsoon
2018-09-20,24.8,5.6,67.5,3.74,Bengaluru,2018,9,Monsoon
2018-09-21,27.8,10.6,67.5,1.32,Bengaluru,2018,9,Monsoon
2018-09-22,29.1,10.0,67.5,0.88,Bengaluru,2018,9,Monsoon
2018-09-23,26.9,11.7,67.5,0.04,Bengaluru,2018,9,Monsoon
2018-09-24,23.0,10.4,67.5,2.33,Bengaluru,2018,9,Monsoon
2018-09-25,24.2,7.1,67.5,5.71,Bengaluru,2018,9,Monsoon
2018-09-26,28.6,13.6,67.5,9.48,Bengaluru,2018,9,Monsoon
2018-09-27,25.7,9.5,67.5,2.5,Bengaluru,2018,9,Monsoon
2018-09-28,26.2,9.9,67.5,2.17,Bengaluru,2018,9,Monsoon
2018-09-29,27.5,7.2,67.5,0.27,Bengaluru,2018,9,Monsoon
2018-09-30,27.4,8.7,67.5,2.39,Bengaluru,2018,9,Monsoon
2018-10-01,24.6,7.3,73.0,1.43,Bengaluru,2018,10,Post-Monsoon
2018-10-02,23.6,9.5,73.0,2.8,Bengaluru,2018,10,Post-Monsoon
2018-10-03,23.4,15.1,73.0,1.48,Bengaluru,2018,10,Post-Monsoon
2018-10-04,25.7,5.9,73.0,0.82,Bengaluru,2018,10,Post-Monsoon
2018-10-05,25.1,5.2,73.0,0.3,Bengaluru,2018,10,Post-Monsoon
2018-10-06,23.5,14.4,73.0,1.13,Bengaluru,2018,10,Post-Monsoon
2018-10-07,26.2,9.4,73.0,0.3,Bengaluru,2018,10,Post-Monsoon
2018-10-08,23.7,8.0,73.0,0.58,Bengaluru,2018,10,Post-Monsoon
2018-10-09,22.3,13.1,73.0,13.11,Bengaluru,2018,10,Post-Monsoon
2018-10-10,22.5,8.2,73.0,1.76,Bengaluru,2018,10,Post-Monsoon
2018-10-11,22.0,15.5,73.0,2.28,Bengaluru,2018,10,Post-Monsoon
2018-10-12,23.5,12.0,73.0,6.21,Bengaluru,2018,10,Post-Monsoon
2018-10-13,26.5,8.5,73.0,16.26,Bengaluru,2018,10,Post-Monsoon
2018-10-14,22.4,16.5,73.0,2.62,Bengaluru,2018,10,Post-Monsoon
2018-10-15,24.4,8.2,73.0,5.02,Bengaluru,2018,10,Post-Monsoon
2018-10-16,22.7,12.2,73.0,1.19,Bengaluru,2018,10,Post-Monsoon
2018-10-17,23.5,10.9,73.0,1.09,Bengaluru,2018,10,Post-Monsoon
2018-10-18,21.0,13.9,73.0,1.55,Bengaluru,2018,10,Post-Monsoon
2018-10-19,23.6,14.7,73.0,3.35,Bengaluru,2018,10,Post-Monsoon
2018-10-20,23.6,10.1,73.0,3.44,Bengaluru,2018,10,Post-Monsoon
2018-10-21,25.1,7.7,73.0,1.14,Bengaluru,2018,10,Post-Monsoon
2018-10-22,24.4,11.4,73.0,0.43,Bengaluru,2018,10,Post-Monsoon
2018-10-23,21.6,8.0,73.0,3.0,Bengaluru,2018,10,Post-Monsoon
2018-10-24,26.2,16.0,73.0,0.41,Bengaluru,2018,10,Post-Monsoon
2018-10-25,24.4,10.4,73.0,2.59,Bengaluru,2018,10,Post-Monsoon
2018-10-26,24.4,8.9,73.0,3.55,Bengaluru,2018,10,Post-Monsoon
2018-10-27,24.0,10.6,73.0,3.62,Bengaluru,2018,10,Post-Monsoon
2018-10-28,23.0,6.0,73.0,4.2,Bengaluru,2018,10,Post-Monsoon
2018-10-29,24.4,7.1,73.0,6.19,Bengaluru,2018,10,Post-Monsoon
2018-10-30,25.0,13.6,73.0,2.08,Bengaluru,2018,10,Post-Monsoon
2018-10-31,20.5,8.0,73.0,3.93,Bengaluru,2018,10,Post-Monsoon
2018-11-01,20.9,6.9,75.0,2.9,Bengaluru,2018,11,Post-Monsoon
2018-11-02,21.5,11.6,75.0,0.62,Bengaluru,2018,11,Post-Monsoon
2018-11-03,22.5,13.6,75.0,0.08,Bengaluru,2018,11,Post-Monsoon
2018-11-04,24.4,12.2,75.0,1.0,Bengaluru,2018,11,Post-Monsoon
2018-11-05,20.5,13.0,75.0,1.76,Bengaluru,2018,11,Post-Monsoon
2018-11-06,21.0,7.7,75.0,2.88,Bengaluru,2018,11,Post-Monsoon
2018-11-07,21.0,5.7,75.0,5.69,Bengaluru,2018,11,Post-Monsoon
2018-11-08,20.4,14.5,75.0,0.66,Bengaluru,2018,11,Post-Monsoon
2018-11-09,21.3,9.0,75.0,0.4,Bengaluru,2018,11,Post-Monsoon
2018-11-10,23.5,9.2,75.0,9.93,Bengaluru,2018,11,Post-Monsoon
2018-11-11,19.9,14.0,75.0,0.34,Bengaluru,2018,11,Post-Monsoon
2018-11-12,22.9,11.7,75.0,1.95,Bengaluru,2018,11,Post-Monsoon
2018-11-13,18.6,11.4,75.0,2.64,Bengaluru,2018,11,Post-Monsoon
2018-11-14,20.9,16.5,75.0,2.34,Bengaluru,2018,11,Post-Monsoon
2018-11-15,21.3,8.1,75.0,0.27,Bengaluru,2018,11,Post-Monsoon
2018-11-16,25.3,12.8,75.0,0.18,Bengaluru,2018,11,Post-Monsoon
2018-11-17,21.5,10.2,75.0,0.33,Bengaluru,2018,11,Post-Monsoon
2018-11-18,17.6,10.8,75.0,2.64,Bengaluru,2018,11,Post-Monsoon
2018-11-19,18.0,14.6,75.0,2.36,Bengaluru,2018,11,Post-Monsoon
2018-11-20,22.1,11.5,75.0,0.8,Bengaluru,2018,11,Post-Monsoon
2018-11-21,23.2,11.6,75.0,3.05,Bengaluru,2018,11,Post-Monsoon
2018-11-22,22.8,13.2,75.0,5.15,Bengaluru,2018,11,Post-Monsoon
2018-11-23,22.3,8.9,75.0,0.13,Bengaluru,2018,11,Post-Monsoon
2018-11-24,24.3,7.5,75.0,2.07,Bengaluru,2018,11,Post-Monsoon
2018-11-25,20.9,6.9,75.0,3.51,Bengaluru,2018,11,Post-Monsoon
2018-11-26,23.8,4.1,75.0,0.87,Bengaluru,2018,11,Post-Monsoon
2018-11-27,18.7,16.2,75.0,1.1,Bengaluru,2018,11,Post-Monsoon
2018-11-28,20.2,6.7,75.0,2.85,Bengaluru,2018,11,Post-Monsoon
2018-11-29,18.4,9.3,75.0,6.85,Bengaluru,2018,11,Post-Monsoon
2018-11-30,21.5,9.2,75.0,4.98,Bengaluru,2018,11,Post-Monsoon
2018-12-01,20.4,10.9,73.0,0.0,Bengaluru,2018,12,Winter
2018-12-02,20.8,12.4,73.0,0.0,Bengaluru,2018,12,Winter
2018-12-03,20.7,12.6,73.0,0.0,Bengaluru,2018,12,Winter
2018-12-04,18.7,8.3,73.0,0.0,Bengaluru,2018,12,Winter
2018-12-05,20.2,9.5,73.0,0.0,Bengaluru,2018,12,Winter
2018-12-06,17.5,10.8,73.0,0.0,Bengaluru,2018,12,Winter
2018-12-07,23.3,9.3,73.0,0.0,Bengaluru,2018,12,Winter
2018-12-08,19.9,14.8,73.0,0.0,Bengaluru,2018,12,Winter
2018-12-09,19.6,11.5,73.0,0.0,Bengaluru,2018,12,Winter
2018-12-10,23.7,12.2,73.0,0.0,Bengaluru,2018,12,Winter
2018-12-11,18.1,12.0,73.0,0.0,Bengaluru,2018,12,Winter
2018-12-12,18.3,13.5,73.0,0.0,Bengaluru,2018,12,Winter
2018-12-13,18.3,10.5,73.0,0.0,Bengaluru,2018,12,Winter
2018-12-14,20.4,6.1,73.0,0.0,Bengaluru,2018,12,Winter
2018-12-15,21.4,11.2,73.0,0.0,Bengaluru,2018,12,Winter
2018-12-16,22.0,8.0,73.0,0.0,Bengaluru,2018,12,Winter
2018-12-17,25.7,8.4,73.0,0.0,Bengaluru,2018,12,Winter
2018-12-18,16.0,11.8,73.0,0.0,Bengaluru,2018,12,Winter
2018-12-19,21.8,13.7,73.0,0.0,Bengaluru,2018,12,Winter
2018-12-20,19.4,10.1,73.0,0.0,Bengaluru,2018,12,Winter
2018-12-21,19.4,10.9,73.0,0.0,Bengaluru,2018,12,Winter
2018-12-22,19.3,15.1,73.0,0.0,Bengaluru,2018,12,Winter
2018-12-23,18.7,10.7,73.0,0.0,Bengaluru,2018,12,Winter
2018-12-24,23.9,17.8,73.0,0.0,Bengaluru,2018,12,Winter
2018-12-25,22.2,11.7,73.0,0.0,Bengaluru,2018,12,Winter
2018-12-26,20.6,4.7,73.0,0.0,Bengaluru,2018,12,Winter
2018-12-27,23.2,12.3,73.0,0.0,Bengaluru,2018,12,Winter
2018-12-28,17.5,11.1,73.0,0.0,Bengaluru,2018,12,Winter
2018-12-29,17.9,13.9,73.0,0.0,Bengaluru,2018,12,Winter
2018-12-30,16.2,12.0,73.0,0.0,Bengaluru,2018,12,Winter
2018-12-31,19.1,9.6,73.0,0.0,Bengaluru,2018,12,Winter
2019-01-01,20.3,6.3,67.5,0.0,Bengaluru,2019,1,Winter
2019-01-02,20.2,9.4,67.5,0.0,Bengaluru,2019,1,Winter
2019-01-03,20.3,7.4,67.5,0.0,Bengaluru,2019,1,Winter
2019-01-04,17.2,8.3,67.5,0.0,Bengaluru,2019,1,Winter
2019-01-05,21.6,11.8,67.5,0.0,Bengaluru,2019,1,Winter
2019-01-06,20.5,15.0,67.5,0.0,Bengaluru,2019,1,Winter
2019-01-07,21.5,11.2,67.5,0.0,Bengaluru,2019,1,Winter
2019-01-08,16.2,6.4,67.5,0.0,Bengaluru,2019,1,Winter
2019-01-09,20.6,11.3,67.5,0.0,Bengaluru,2019,1,Winter
2019-01-10,17.6,13.6,67.5,0.0,Bengaluru,2019,1,Winter
2019-01-11,19.2,8.2,67.5,0.0,Bengaluru,2019,1,Winter
2019-01-12,21.1,9.6,67.5,0.0,Bengaluru,2019,1,Winter
2019-01-13,20.2,10.0,67.5,0.0,Bengaluru,2019,1,Winter
2019-01-14,18.3,7.6,67.5,0.0,Bengaluru,2019,1,Winter
2019-01-15,20.0,11.9,67.5,0.0,Bengaluru,2019,1,Winter
2019-01-16,16.9,9.6,67.5,0.0,Bengaluru,2019,1,Winter
2019-01-17,22.3,11.3,67.5,0.0,Bengaluru,2019,1,Winter
2019-01-18,19.6,7.3,67.5,0.0,Bengaluru,2019,1,Winter
2019-01-19,22.2,8.7,67.5,0.0,Bengaluru,2019,1,Winter
2019-01-20,18.9,12.2,67.5,0.0,Bengaluru,2019,1,Winter
2019-01-21,19.0,8.9,67.5,0.0,Bengaluru,2019,1,Winter
2019-01-22,18.5,15.2,67.5,0.0,Bengaluru,2019,1,Winter
2019-01-23,21.8,8.8,67.5,0.0,Bengaluru,2019,1,Winter
2019-01-24,18.6,10.7,67.5,0.0,Bengaluru,2019,1,Winter
2019-01-25,21.3,12.8,67.5,0.0,Bengaluru,2019,1,Winter
2019-01-26,19.2,5.7,67.5,0.0,Bengaluru,2019,1,Winter
2019-01-27,16.0,4.7,67.5,0.0,Bengaluru,2019,1,Winter
2019-01-28,18.9,5.4,67.5,0.0,Bengaluru,2019,1,Winter
2019-01-29,17.6,13.8,67.5,0.0,Bengaluru,2019,1,Winter
2019-01-30,20.1,8.3,67.5,0.0,Bengaluru,2019,1,Winter
2019-01-31,17.6,17.7,67.5,0.0,Bengaluru,2019,1,Winter
2019-02-01,22.4,8.3,60.0,0.0,Bengaluru,2019,2,Winter
2019-02-02,20.4,10.6,60.0,0.0,Bengaluru,2019,2,Winter
2019-02-03,20.2,14.6,60.0,0.0,Bengaluru,2019,2,Winter
2019-02-04,21.8,16.0,60.0,0.0,Bengaluru,2019,2,Winter
2019-02-05,22.5,16.2,60.0,0.0,Bengaluru,2019,2,Winter
2019-02-06,20.5,13.6,60.0,0.0,Bengaluru,2019,2,Winter
2019-02-07,19.0,13.1,60.0,0.0,Bengaluru,2019,2,Winter
2019-02-08,17.0,11.8,60.0,0.0,Bengaluru,2019,2,Winter
2019-02-09,19.2,12.3,60.0,0.0,Bengaluru,2019,2,Winter
2019-02-10,19.3,8.3,60.0,0.0,Bengaluru,2019,2,Winter
2019-02-11,20.8,7.5,60.0,0.0,Bengaluru,2019,2,Winter
2019-02-12,19.8,10.0,60.0,0.0,Bengaluru,2019,2,Winter
2019-02-13,21.9,9.5,60.0,0.0,Bengaluru,2019,2,Winter
2019-02-14,19.3,8.6,60.0,0.0,Bengaluru,2019,2,Winter
2019-02-15,20.4,12.1,60.0,0.0,Bengaluru,2019,2,Winter
2019-02-16,22.9,12.9,60.0,0.0,Bengaluru,2019,2,Winter
2019-02-17,21.2,10.3,60.0,0.0,Bengaluru,2019,2,Winter
2019-02-18,20.4,14.4,60.0,0.0,Bengaluru,2019,2,Winter
2019-02-19,19.3,6.6,60.0,0.0,Bengaluru,2019,2,Winter
2019-02-20,19.3,9.4,60.0,0.0,Bengaluru,2019,2,Winter
2019-02-21,18.8,7.8,60.0,0.0,Bengaluru,2019,2,Winter
2019-02-22,19.5,4.4,60.0,0.0,Bengaluru,2019,2,Winter
2019-02-23,22.0,9.8,60.0,0.0,Bengaluru,2019,2,Winter
2019-02-24,20.1,9.6,60.0,0.0,Bengaluru,2019,2,Winter
2019-02-25,17.8,14.5,60.0,0.0,Bengaluru,2019,2,Winter
2019-02-26,24.1,11.9,60.0,0.0,Bengaluru,2019,2,Winter
2019-02-27,21.2,6.9,60.0,0.0,Bengaluru,2019,2,Winter
2019-02-28,17.7,15.6,60.0,0.0,Bengaluru,2019,2,Winter
2019-03-01,21.1,13.7,52.5,0.0,Bengaluru,2019,3,Spring
2019-03-02,22.2,11.7,52.5,0.0,Bengaluru,2019,3,Spring
2019-03-03,25.4,9.3,52.5,0.0,Bengaluru,2019,3,Spring
2019-03-04,19.8,7.1,52.5,0.0,Bengaluru,2019,3,Spring
2019-03-05,24.0,8.9,52.5,0.0,Bengaluru,2019,3,Spring
2019-03-06,24.8,13.3,52.5,0.0,Bengaluru,2019,3,Spring
2019-03-07,20.7,15.7,52.5,0.0,Bengaluru,2019,3,Spring
2019-03-08,21.4,14.6,52.5,0.0,Bengaluru,2019,3,Spring
2019-03-09,19.9,8.5,52.5,0.0,Bengaluru,2019,3,Spring
2019-03-10,21.6,6.6,52.5,0.0,Bengaluru,2019,3,Spring
2019-03-11,21.9,10.4,52.5,0.0,Bengaluru,2019,3,Spring
2019-03-12,23.3,4.7,52.5,0.0,Bengaluru,2019,3,Spring
2019-03-13,24.2,11.0,52.5,0.0,Bengaluru,2019,3,Spring
2019-03-14,20.5,9.6,52.5,0.0,Bengaluru,2019,3,Spring
2019-03-15,18.1,8.6,52.5,0.0,Bengaluru,2019,3,Spring
2019-03-16,22.0,5.2,52.5,0.0,Bengaluru,2019,3,Spring
2019-03-17,22.6,11.5,52.5,0.0,Bengaluru,2019,3,Spring
2019-03-18,22.5,8.4,52.5,0.0,Bengaluru,2019,3,Spring
2019-03-19,21.3,6.5,52.5,0.0,Bengaluru,2019,3,Spring
2019-03-20,22.2,1.4,52.5,0.0,Bengaluru,2019,3,Spring
2019-03-21,25.0,9.9,52.5,0.0,Bengaluru,2019,3,Spring
2019-03-22,22.8,15.3,52.5,0.0,Bengaluru,2019,3,Spring
2019-03-23,21.3,15.0,52.5,0.0,Bengaluru,2019,3,Spring
2019-03-24,21.0,8.6,52.5,0.0,Bengaluru,2019,3,Spring
2019-03-25,21.7,8.2,52.5,0.0,Bengaluru,2019,3,Spring
2019-03-26,25.3,11.4,52.5,0.0,Bengaluru,2019,3,Spring
2019-03-27,21.6,7.0,52.5,0.0,Bengaluru,2019,3,Spring
2019-03-28,22.0,10.9,52.5,0.0,Bengaluru,2019,3,Spring
2019-03-29,21.0,12.3,52.5,0.0,Bengaluru,2019,3,Spring
2019-03-30,24.2,13.7,52.5,0.0,Bengaluru,2019,3,Spring
2019-03-31,25.9,9.7,52.5,0.0,Bengaluru,2019,3,Spring
2019-04-01,24.9,9.4,47.0,0.0,Bengaluru,2019,4,Spring
2019-04-02,24.2,7.4,47.0,0.0,Bengaluru,2019,4,Spring
2019-04-03,24.1,7.5,47.0,0.0,Bengaluru,2019,4,Spring
2019-04-04,19.2,9.3,47.0,0.0,Bengaluru,2019,4,Spring
2019-04-05,25.5,11.1,47.0,0.0,Bengaluru,2019,4,Spring
2019-04-06,24.3,12.7,47.0,0.0,Bengaluru,2019,4,Spring
2019-04-07,24.9,7.6,47.0,0.0,Bengaluru,2019,4,Spring
2019-04-08,22.6,14.5,47.0,0.0,Bengaluru,2019,4,Spring
2019-04-09,23.2,9.2,47.0,0.0,Bengaluru,2019,4,Spring
2019-04-10,23.2,9.9,47.0,0.0,Bengaluru,2019,4,Spring
2019-04-11,26.0,7.8,47.0,0.0,Bengaluru,2019,4,Spring
2019-04-12,23.2,2.7,47.0,0.0,Bengaluru,2019,4,Spring
2019-04-13,28.2,12.7,47.0,0.0,Bengaluru,2019,4,Spring
2019-04-14,24.9,12.2,47.0,0.0,Bengaluru,2019,4,Spring
2019-04-15,21.4,9.2,47.0,0.0,Bengaluru,2019,4,Spring
2019-04-16,23.7,10.2,47.0,0.0,Bengaluru,2019,4,Spring
2019-04-17,22.7,11.5,47.0,0.0,Bengaluru,2019,4,Spring
2019-04-18,19.6,5.3,47.0,0.0,Bengaluru,2019,4,Spring
2019-04-19,27.2,8.4,47.0,0.0,Bengaluru,2019,4,Spring
2019-04-20,25.4,12.4,47.0,0.0,Bengaluru,2019,4,Spring
2019-04-21,25.1,6.2,47.0,0.0,Bengaluru,2019,4,Spring
2019-04-22,24.3,10.9,47.0,0.0,Bengaluru,2019,4,Spring
2019-04-23,21.2,5.9,47.0,0.0,Bengaluru,2019,4,Spring
2019-04-24,23.0,11.4,47.0,0.0,Bengaluru,2019,4,Spring
2019-04-25,25.7,9.9,47.0,0.0,Bengaluru,2019,4,Spring
2019-04-26,21.9,5.2,47.0,0.0,Bengaluru,2019,4,Spring
2019-04-27,18.9,13.5,47.0,0.0,Bengaluru,2019,4,Spring
2019-04-28,23.5,7.8,47.0,0.0,Bengaluru,2019,4,Spring
2019-04-29,23.7,7.6,47.0,0.0,Bengaluru,2019,4,Spring
2019-04-30,24.3,10.6,47.0,0.0,Bengaluru,2019,4,Spring
2019-05-01,27.5,13.4,45.0,0.0,Bengaluru,2019,5,Spring
2019-05-02,27.3,7.0,45.0,0.0,Bengaluru,2019,5,Spring
2019-05-03,26.5,10.2,45.0,0.0,Bengaluru,2019,5,Spring
2019-05-04,28.4,11.3,45.0,0.0,Bengaluru,2019,5,Spring
2019-05-05,23.0,12.1,45.0,0.0,Bengaluru,2019,5,Spring
2019-05-06,27.0,10.5,45.0,0.0,Bengaluru,2019,5,Spring
2019-05-07,27.3,8.9,45.0,0.0,Bengaluru,2019,5,Spring
2019-05-08,23.5,7.5,45.0,0.0,Bengaluru,2019,5,Spring
2019-05-09,23.0,10.3,45.0,0.0,Bengaluru,2019,5,Spring
2019-05-10,24.5,6.8,45.0,0.0,Bengaluru,2019,5,Spring
2019-05-11,24.7,1.2,45.0,0.0,Bengaluru,2019,5,Spring
2019-05-12,27.5,11.3,45.0,0.0,Bengaluru,2019,5,Spring
2019-05-13,24.8,12.7,45.0,0.0,Bengaluru,2019,5,Spring
2019-05-14,24.3,2.9,45.0,0.0,Bengaluru,2019,5,Spring
2019-05-15,24.8,7.0,45.0,0.0,Bengaluru,2019,5,Spring
2019-05-16,28.2,11.9,45.0,0.0,Bengaluru,2019,5,Spring
2019-05-17,26.0,16.2,45.0,0.0,Bengaluru,2019,5,Spring
2019-05-18,25.6,10.1,45.0,0.0,Bengaluru,2019,5,Spring
2019-05-19,25.8,7.8,45.0,0.0,Bengaluru,2019,5,Spring
2019-05-20,28.6,9.5,45.0,0.0,Bengaluru,2019,5,Spring
2019-05-21,24.5,14.1,45.0,0.0,Bengaluru,2019,5,Spring
2019-05-22,28.6,8.1,45.0,0.0,Bengaluru,2019,5,Spring
2019-05-23,26.4,7.6,45.0,0.0,Bengaluru,2019,5,Spring
2019-05-24,25.7,8.6,45.0,0.0,Bengaluru,2019,5,Spring
2019-05-25,31.0,7.1,45.0,0.0,Bengaluru,2019,5,Spring
2019-05-26,23.9,10.4,45.0,0.0,Bengaluru,2019,5,Spring
2019-05-27,25.3,14.9,45.0,0.0,Bengaluru,2019,5,Spring
2019-05-28,23.5,11.0,45.0,0.0,Bengaluru,2019,5,Spring
2019-05-29,27.9,9.2,45.0,0.0,Bengaluru,2019,5,Spring
2019-05-30,29.4,9.1,45.0,0.0,Bengaluru,2019,5,Spring
2019-05-31,29.3,5.3,45.0,0.0,Bengaluru,2019,5,Spring
2019-06-01,29.9,12.6,47.0,8.93,Bengaluru,2019,6,Monsoon
2019-06-02,27.1,9.8,47.0,0.46,Bengaluru,2019,6,Monsoon
2019-06-03,26.7,9.5,47.0,1.44,Bengaluru,2019,6,Monsoon
2019-06-04,24.1,19.6,47.0,2.43,Bengaluru,2019,6,Monsoon
2019-06-05,31.5,10.9,47.0,0.24,Bengaluru,2019,6,Monsoon
2019-06-06,28.4,7.7,47.0,0.01,Bengaluru,2019,6,Monsoon
2019-06-07,26.5,8.7,47.0,3.33,Bengaluru,2019,6,Monsoon
2019-06-08,30.1,13.4,47.0,3.08,Bengaluru,2019,6,Monsoon
2019-06-09,25.5,10.3,47.0,1.59,Bengaluru,2019,6,Monsoon
2019-06-10,28.3,5.7,47.0,2.02,Bengaluru,2019,6,Monsoon
2019-06-11,27.1,12.8,47.0,1.61,Bengaluru,2019,6,Monsoon
2019-06-12,28.7,8.0,47.0,0.07,Bengaluru,2019,6,Monsoon
2019-06-13,27.3,15.6,47.0,1.23,Bengaluru,2019,6,Monsoon
2019-06-14,24.6,13.2,47.0,0.58,Bengaluru,2019,6,Monsoon
2019-06-15,27.6,8.7,47.0,0.31,Bengaluru,2019,6,Monsoon
2019-06-16,29.6,13.8,47.0,9.42,Bengaluru,2019,6,Monsoon
2019-06-17,27.4,10.2,47.0,2.74,Bengaluru,2019,6,Monsoon
2019-06-18,29.0,12.6,47.0,3.91,Bengaluru,2019,6,Monsoon
2019-06-19,25.4,11.5,47.0,1.14,Bengaluru,2019,6,Monsoon
2019-06-20,27.4,7.5,47.0,1.5,Bengaluru,2019,6,Monsoon
2019-06-21,26.2,8.1,47.0,0.81,Bengaluru,2019,6,Monsoon
2019-06-22,29.0,13.1,47.0,0.31,Bengaluru,2019,6,Monsoon
2019-06-23,27.5,9.0,47.0,0.59,Bengaluru,2019,6,Monsoon
2019-06-24,28.8,8.8,47.0,4.79,Bengaluru,2019,6,Monsoon
2019-06-25,29.6,7.1,47.0,3.4,Bengaluru,2019,6,Monsoon
2019-06-26,28.8,11.3,47.0,2.38,Bengaluru,2019,6,Monsoon
2019-06-27,28.0,16.2,47.0,1.93,Bengaluru,2019,6,Monsoon
2019-06-28,25.5,6.8,47.0,7.67,Bengaluru,2019,6,Monsoon
2019-06-29,27.5,10.1,47.0,0.23,Bengaluru,2019,6,Monsoon
2019-06-30,26.4,14.2,47.0,0.99,Bengaluru,2019,6,Monsoon
2019-07-01,27.3,9.8,52.5,1.29,Bengaluru,2019,7,Monsoon
2019-07-02,27.3,11.4,52.5,4.58,Bengaluru,2019,7,Monsoon
2019-07-03,26.0,6.8,52.5,14.68,Bengaluru,2019,7,Monsoon
2019-07-04,24.1,11.3,52.5,0.83,Bengaluru,2019,7,Monsoon
2019-07-05,26.7,9.4,52.5,6.22,Bengaluru,2019,7,Monsoon
2019-07-06,28.4,13.0,52.5,5.33,Bengaluru,2019,7,Monsoon
2019-07-07,25.3,13.6,52.5,0.76,Bengaluru,2019,7,Monsoon
2019-07-08,28.0,17.8,52.5,1.53,Bengaluru,2019,7,Monsoon
2019-07-09,31.8,11.7,52.5,1.58,Bengaluru,2019,7,Monsoon
2019-07-10,30.0,11.0,52.5,11.48,Bengaluru,2019,7,Monsoon
2019-07-11,31.3,10.6,52.5,0.6,Bengaluru,2019,7,Monsoon
2019-07-12,28.8,8.9,52.5,4.82,Bengaluru,2019,7,Monsoon
2019-07-13,30.3,11.0,52.5,1.22,Bengaluru,2019,7,Monsoon
2019-07-14,26.6,9.1,52.5,3.94,Bengaluru,2019,7,Monsoon
2019-07-15,26.7,10.5,52.5,1.63,Bengaluru,2019,7,Monsoon
2019-07-16,22.5,14.0,52.5,2.59,Bengaluru,2019,7,Monsoon
2019-07-17,30.4,7.0,52.5,5.36,Bengaluru,2019,7,Monsoon
2019-07-18,31.1,13.4,52.5,4.89,Bengaluru,2019,7,Monsoon
2019-07-19,26.9,14.0,52.5,6.04,Bengaluru,2019,7,Monsoon
2019-07-20,27.5,9.6,52.5,0.18,Bengaluru,2019,7,Monsoon
2019-07-21,26.5,3.6,52.5,3.53,Bengaluru,2019,7,Monsoon
2019-07-22,28.8,8.2,52.5,0.45,Bengaluru,2019,7,Monsoon
2019-07-23,30.2,13.9,52.5,1.61,Bengaluru,2019,7,Monsoon
2019-07-24,24.5,9.9,52.5,2.39,Bengaluru,2019,7,Monsoon
2019-07-25,28.8,7.0,52.5,1.55,Bengaluru,2019,7,Monsoon
2019-07-26,27.4,8.5,52.5,2.2,Bengaluru,2019,7,Monsoon
2019-07-27,28.2,12.5,52.5,16.99,Bengaluru,2019,7,Monsoon
2019-07-28,28.9,11.6,52.5,0.44,Bengaluru,2019,7,Monsoon
2019-07-29,27.6,9.3,52.5,3.38,Bengaluru,2019,7,Monsoon
2019-07-30,27.8,8.9,52.5,1.51,Bengaluru,2019,7,Monsoon
2019-07-31,27.6,8.8,52.5,0.43,Bengaluru,2019,7,Monsoon
2019-08-01,29.4,7.2,60.0,0.52,Bengaluru,2019,8,Monsoon
2019-08-02,28.3,14.8,60.0,8.94,Bengaluru,2019,8,Monsoon
2019-08-03,27.9,9.0,60.0,6.35,Bengaluru,2019,8,Monsoon
2019-08-04,24.9,13.7,60.0,7.13,Bengaluru,2019,8,Monsoon
2019-08-05,26.7,14.6,60.0,14.31,Bengaluru,2019,8,Monsoon
2019-08-06,29.3,13.0,60.0,0.7,Bengaluru,2019,8,Monsoon
2019-08-07,27.5,8.7,60.0,1.32,Bengaluru,2019,8,Monsoon
2019-08-08,28.8,11.2,60.0,3.32,Bengaluru,2019,8,Monsoon
2019-08-09,31.0,9.9,60.0,1.98,Bengaluru,2019,8,Monsoon
2019-08-10,29.5,7.3,60.0,1.63,Bengaluru,2019,8,Monsoon
2019-08-11,27.7,11.0,60.0,1.33,Bengaluru,2019,8,Monsoon
2019-08-12,26.4,6.5,60.0,2.7,Bengaluru,2019,8,Monsoon
2019-08-13,22.4,13.6,60.0,2.57,Bengaluru,2019,8,Monsoon
2019-08-14,27.1,8.6,60.0,0.53,Bengaluru,2019,8,Monsoon
2019-08-15,26.8,10.6,60.0,1.91,Bengaluru,2019,8,Monsoon
2019-08-16,28.2,10.8,60.0,2.42,Bengaluru,2019,8,Monsoon
2019-08-17,27.2,9.2,60.0,2.53,Bengaluru,2019,8,Monsoon
2019-08-18,26.8,11.8,60.0,0.71,Bengaluru,2019,8,Monsoon
2019-08-19,23.9,8.6,60.0,4.07,Bengaluru,2019,8,Monsoon
2019-08-20,25.6,12.6,60.0,0.08,Bengaluru,2019,8,Monsoon
2019-08-21,28.4,6.0,60.0,1.31,Bengaluru,2019,8,Monsoon
2019-08-22,30.9,10.4,60.0,4.55,Bengaluru,2019,8,Monsoon
2019-08-23,27.3,15.8,60.0,2.49,Bengaluru,2019,8,Monsoon
2019-08-24,28.1,7.0,60.0,0.91,Bengaluru,2019,8,Monsoon
2019-08-25,29.4,8.0,60.0,3.56,Bengaluru,2019,8,Monsoon
2019-08-26,25.8,11.5,60.0,2.51,Bengaluru,2019,8,Monsoon
2019-08-27,28.2,10.5,60.0,4.77,Bengaluru,2019,8,Monsoon
2019-08-28,26.0,11.1,60.0,3.98,Bengaluru,2019,8,Monsoon
2019-08-29,29.2,11.5,60.0,2.83,Bengaluru,2019,8,Monsoon
2019-08-30,27.8,11.9,60.0,2.01,Bengaluru,2019,8,Monsoon
2019-08-31,28.1,13.3,60.0,0.43,Bengaluru,2019,8,Monsoon
2019-09-01,24.4,11.2,67.5,0.91,Bengaluru,2019,9,Monsoon
2019-09-02,27.4,9.3,67.5,1.63,Bengaluru,2019,9,Monsoon
2019-09-03,30.2,12.0,67.5,2.74,Bengaluru,2019,9,Monsoon
2019-09-04,24.0,15.7,67.5,2.16,Bengaluru,2019,9,Monsoon
2019-09-05,25.3,9.6,67.5,1.02,Bengaluru,2019,9,Monsoon
2019-09-06,26.5,7.1,67.5,0.02,Bengaluru,2019,9,Monsoon
2019-09-07,27.6,13.3,67.5,2.06,Bengaluru,2019,9,Monsoon
2019-09-08,24.9,9.6,67.5,1.01,Bengaluru,2019,9,Monsoon
2019-09-09,20.3,3.5,67.5,3.98,Bengaluru,2019,9,Monsoon
2019-09-10,28.7,12.5,67.5,0.07,Bengaluru,2019,9,Monsoon
2019-09-11,27.5,8.4,67.5,2.64,Bengaluru,2019,9,Monsoon
2019-09-12,22.5,9.7,67.5,8.51,Bengaluru,2019,9,Monsoon
2019-09-13,24.8,11.0,67.5,0.57,Bengaluru,2019,9,Monsoon
2019-09-14,29.1,10.6,67.5,1.91,Bengaluru,2019,9,Monsoon
2019-09-15,28.9,12.1,67.5,0.29,Bengaluru,2019,9,Monsoon
2019-09-16,27.9,8.7,67.5,2.95,Bengaluru,2019,9,Monsoon
2019-09-17,25.6,11.5,67.5,2.4,Bengaluru,2019,9,Monsoon
2019-09-18,26.2,9.2,67.5,1.57,Bengaluru,2019,9,Monsoon
2019-09-19,25.7,12.2,67.5,2.21,Bengaluru,2019,9,Monsoon
2019-09-20,28.3,11.8,67.5,6.81,Bengaluru,2019,9,Monsoon
2019-09-21,24.2,7.2,67.5,0.66,Bengaluru,2019,9,Monsoon
2019-09-22,24.4,13.3,67.5,0.07,Bengaluru,2019,9,Monsoon
2019-09-23,28.0,8.4,67.5,5.93,Bengaluru,2019,9,Monsoon
2019-09-24,25.9,12.4,67.5,2.58,Bengaluru,2019,9,Monsoon
2019-09-25,28.8,11.1,67.5,6.64,Bengaluru,2019,9,Monsoon
2019-09-26,24.7,15.5,67.5,2.73,Bengaluru,2019,9,Monsoon
2019-09-27,25.9,9.3,67.5,4.98,Bengaluru,2019,9,Monsoon
2019-09-28,24.2,9.0,67.5,1.68,Bengaluru,2019,9,Monsoon
2019-09-29,26.0,9.9,67.5,4.16,Bengaluru,2019,9,Monsoon
2019-09-30,23.0,9.1,67.5,7.33,Bengaluru,2019,9,Monsoon
2019-10-01,23.0,12.4,73.0,2.55,Bengaluru,2019,10,Post-Monsoon
2019-10-02,21.1,5.2,73.0,0.6,Bengaluru,2019,10,Post-Monsoon
2019-10-03,25.4,6.8,73.0,0.94,Bengaluru,2019,10,Post-Monsoon
2019-10-04,25.4,6.8,73.0,0.66,Bengaluru,2019,10,Post-Monsoon
2019-10-05,20.5,12.9,73.0,0.85,Bengaluru,2019,10,Post-Monsoon
2019-10-06,26.7,15.1,73.0,1.1,Bengaluru,2019,10,Post-Monsoon
2019-10-07,29.0,9.7,73.0,2.43,Bengaluru,2019,10,Post-Monsoon
2019-10-08,24.1,9.5,73.0,2.66,Bengaluru,2019,10,Post-Monsoon
2019-10-09,22.7,10.2,73.0,1.67,Bengaluru,2019,10,Post-Monsoon
2019-10-10,29.6,13.5,73.0,2.87,Bengaluru,2019,10,Post-Monsoon
2019-10-11,21.4,7.2,73.0,0.26,Bengaluru,2019,10,Post-Monsoon
2019-10-12,24.0,10.7,73.0,0.28,Bengaluru,2019,10,Post-Monsoon
2019-10-13,24.4,12.9,73.0,0.57,Bengaluru,2019,10,Post-Monsoon
2019-10-14,26.7,11.5,73.0,2.19,Bengaluru,2019,10,Post-Monsoon
2019-10-15,24.7,10.6,73.0,0.72,Bengaluru,2019,10,Post-Monsoon
2019-10-16,23.0,13.0,73.0,1.0,Bengaluru,2019,10,Post-Monsoon
2019-10-17,22.1,1.9,73.0,1.53,Bengaluru,2019,10,Post-Monsoon
2019-10-18,23.3,12.0,73.0,5.01,Bengaluru,2019,10,Post-Monsoon
2019-10-19,22.0,8.0,73.0,0.04,Bengaluru,2019,10,Post-Monsoon
2019-10-20,24.1,4.5,73.0,3.14,Bengaluru,2019,10,Post-Monsoon
2019-10-21,22.9,11.5,73.0,3.32,Bengaluru,2019,10,Post-Monsoon
2019-10-22,21.0,14.1,73.0,4.81,Bengaluru,2019,10,Post-Monsoon
2019-10-23,26.5,9.6,73.0,8.1,Bengaluru,2019,10,Post-Monsoon
2019-10-24,23.0,12.9,73.0,0.06,Bengaluru,2019,10,Post-Monsoon
2019-10-25,21.5,14.8,73.0,0.5,Bengaluru,2019,10,Post-Monsoon
2019-10-26,23.7,13.9,73.0,6.52,Bengaluru,2019,10,Post-Monsoon
2019-10-27,24.1,14.9,73.0,1.84,Bengaluru,2019,10,Post-Monsoon
2019-10-28,20.5,12.2,73.0,2.49,Bengaluru,2019,10,Post-Monsoon
2019-10-29,24.7,10.2,73.0,3.26,Bengaluru,2019,10,Post-Monsoon
2019-10-30,21.9,5.2,73.0,3.41,Bengaluru,2019,10,Post-Monsoon
2019-10-31,27.4,9.3,73.0,8.05,Bengaluru,2019,10,Post-Monsoon
2019-11-01,23.0,7.5,75.0,17.38,Bengaluru,2019,11,Post-Monsoon
2019-11-02,21.2,16.5,75.0,3.82,Bengaluru,2019,11,Post-Monsoon
2019-11-03,20.5,9.5,75.0,1.02,Bengaluru,2019,11,Post-Monsoon
2019-11-04,21.8,10.4,75.0,6.35,Bengaluru,2019,11,Post-Monsoon
2019-11-05,23.2,11.7,75.0,0.15,Bengaluru,2019,11,Post-Monsoon
2019-11-06,21.9,10.1,75.0,0.79,Bengaluru,2019,11,Post-Monsoon
2019-11-07,21.6,15.1,75.0,6.83,Bengaluru,2019,11,Post-Monsoon
2019-11-08,22.1,8.1,75.0,0.89,Bengaluru,2019,11,Post-Monsoon
2019-11-09,20.8,10.6,75.0,0.75,Bengaluru,2019,11,Post-Monsoon
2019-11-10,21.3,7.8,75.0,0.45,Bengaluru,2019,11,Post-Monsoon
2019-11-11,17.8,6.0,75.0,5.88,Bengaluru,2019,11,Post-Monsoon
2019-11-12,23.9,8.2,75.0,2.08,Bengaluru,2019,11,Post-Monsoon
2019-11-13,22.6,9.9,75.0,3.37,Bengaluru,2019,11,Post-Monsoon
2019-11-14,20.5,8.7,75.0,0.82,Bengaluru,2019,11,Post-Monsoon
2019-11-15,25.8,7.9,75.0,4.26,Bengaluru,2019,11,Post-Monsoon
2019-11-16,22.2,5.8,75.0,4.28,Bengaluru,2019,11,Post-Monsoon
2019-11-17,19.9,9.8,75.0,1.12,Bengaluru,2019,11,Post-Monsoon
2019-11-18,23.7,5.5,75.0,1.59,Bengaluru,2019,11,Post-Monsoon
2019-11-19,22.8,12.3,75.0,0.71,Bengaluru,2019,11,Post-Monsoon
2019-11-20,22.8,10.2,75.0,11.26,Bengaluru,2019,11,Post-Monsoon
2019-11-21,21.1,5.6,75.0,3.11,Bengaluru,2019,11,Post-Monsoon
2019-11-22,22.9,9.1,75.0,8.18,Bengaluru,2019,11,Post-Monsoon
2019-11-23,21.5,7.7,75.0,1.08,Bengaluru,2019,11,Post-Monsoon
2019-11-24,23.1,11.0,75.0,4.57,Bengaluru,2019,11,Post-Monsoon
2019-11-25,18.2,14.0,75.0,4.36,Bengaluru,2019,11,Post-Monsoon
2019-11-26,21.1,4.4,75.0,3.53,Bengaluru,2019,11,Post-Monsoon
2019-11-27,25.4,10.3,75.0,10.11,Bengaluru,2019,11,Post-Monsoon
2019-11-28,20.5,9.5,75.0,1.5,Bengaluru,2019,11,Post-Monsoon
2019-11-29,20.8,12.0,75.0,0.42,Bengaluru,2019,11,Post-Monsoon
2019-11-30,21.1,10.6,75.0,3.34,Bengaluru,2019,11,Post-Monsoon
2019-12-01,18.1,7.7,73.0,0.0,Bengaluru,2019,12,Winter
2019-12-02,16.1,9.0,73.0,0.0,Bengaluru,2019,12,Winter
2019-12-03,20.1,7.6,73.0,0.0,Bengaluru,2019,12,Winter
2019-12-04,20.8,13.2,73.0,0.0,Bengaluru,2019,12,Winter
2019-12-05,20.4,10.1,73.0,0.0,Bengaluru,2019,12,Winter
2019-12-06,20.2,15.7,73.0,0.0,Bengaluru,2019,12,Winter
2019-12-07,20.6,9.8,73.0,0.0,Bengaluru,2019,12,Winter
2019-12-08,22.6,7.9,73.0,0.0,Bengaluru,2019,12,Winter
2019-12-09,20.2,5.5,73.0,0.0,Bengaluru,2019,12,Winter
2019-12-10,19.4,4.6,73.0,0.0,Bengaluru,2019,12,Winter
2019-12-11,20.0,5.2,73.0,0.0,Bengaluru,2019,12,Winter
2019-12-12,21.7,10.8,73.0,0.0,Bengaluru,2019,12,Winter
2019-12-13,23.4,11.5,73.0,0.0,Bengaluru,2019,12,Winter
2019-12-14,19.3,5.3,73.0,0.0,Bengaluru,2019,12,Winter
2019-12-15,20.7,12.7,73.0,0.0,Bengaluru,2019,12,Winter
2019-12-16,21.2,8.6,73.0,0.0,Bengaluru,2019,12,Winter
2019-12-17,18.6,10.4,73.0,0.0,Bengaluru,2019,12,Winter
2019-12-18,20.6,14.8,73.0,0.0,Bengaluru,2019,12,Winter
2019-12-19,17.6,12.7,73.0,0.0,Bengaluru,2019,12,Winter
2019-12-20,17.0,9.2,73.0,0.0,Bengaluru,2019,12,Winter
2019-12-21,21.3,7.3,73.0,0.0,Bengaluru,2019,12,Winter
2019-12-22,19.8,3.5,73.0,0.0,Bengaluru,2019,12,Winter
2019-12-23,20.9,7.8,73.0,0.0,Bengaluru,2019,12,Winter
2019-12-24,20.5,9.4,73.0,0.0,Bengaluru,2019,12,Winter
2019-12-25,18.6,7.0,73.0,0.0,Bengaluru,2019,12,Winter
2019-12-26,20.4,9.6,73.0,0.0,Bengaluru,2019,12,Winter
2019-12-27,18.1,10.2,73.0,0.0,Bengaluru,2019,12,Winter
2019-12-28,23.3,9.3,73.0,0.0,Bengaluru,2019,12,Winter
2019-12-29,17.8,8.0,73.0,0.0,Bengaluru,2019,12,Winter
2019-12-30,20.1,10.5,73.0,0.0,Bengaluru,2019,12,Winter
2019-12-31,18.5,11.3,73.0,0.0,Bengaluru,2019,12,Winter
2020-01-01,21.1,6.7,67.5,0.0,Bengaluru,2020,1,Winter
2020-01-02,19.3,14.2,67.5,0.0,Bengaluru,2020,1,Winter
2020-01-03,19.0,9.7,67.5,0.0,Bengaluru,2020,1,Winter
2020-01-04,21.7,10.1,67.5,0.0,Bengaluru,2020,1,Winter
2020-01-05,20.1,12.1,67.5,0.0,Bengaluru,2020,1,Winter
2020-01-06,21.0,10.7,67.5,0.0,Bengaluru,2020,1,Winter
2020-01-07,18.0,12.9,67.5,0.0,Bengaluru,2020,1,Winter
2020-01-08,17.2,10.9,67.5,0.0,Bengaluru,2020,1,Winter
2020-01-09,20.2,8.2,67.5,0.0,Bengaluru,2020,1,Winter
2020-01-10,19.4,11.1,67.5,0.0,Bengaluru,2020,1,Winter
2020-01-11,21.3,6.6,67.5,0.0,Bengaluru,2020,1,Winter
2020-01-12,19.8,10.3,67.5,0.0,Bengaluru,2020,1,Winter
2020-01-13,20.4,9.9,67.5,0.0,Bengaluru,2020,1,Winter
2020-01-14,16.8,9.4,67.5,0.0,Bengaluru,2020,1,Winter
2020-01-15,23.8,9.6,67.5,0.0,Bengaluru,2020,1,Winter
2020-01-16,19.7,4.4,67.5,0.0,Bengaluru,2020,1,Winter
2020-01-17,21.4,8.4,67.5,0.0,Bengaluru,2020,1,Winter
2020-01-18,18.3,10.3,67.5,0.0,Bengaluru,2020,1,Winter
2020-01-19,20.6,10.5,67.5,0.0,Bengaluru,2020,1,Winter
2020-01-20,17.4,6.9,67.5,0.0,Bengaluru,2020,1,Winter
2020-01-21,20.9,13.8,67.5,0.0,Bengaluru,2020,1,Winter
2020-01-22,19.3,7.4,67.5,0.0,Bengaluru,2020,1,Winter
2020-01-23,20.1,12.9,67.5,0.0,Bengaluru,2020,1,Winter
2020-01-24,21.4,11.3,67.5,0.0,Bengaluru,2020,1,Winter
2020-01-25,17.5,8.1,67.5,0.0,Bengaluru,2020,1,Winter
2020-01-26,18.6,15.3,67.5,0.0,Bengaluru,2020,1,Winter
2020-01-27,20.9,6.4,67.5,0.0,Bengaluru,2020,1,Winter
2020-01-28,24.2,12.8,67.5,0.0,Bengaluru,2020,1,Winter
2020-01-29,19.7,13.0,67.5,0.0,Bengaluru,2020,1,Winter
2020-01-30,21.2,8.0,67.5,0.0,Bengaluru,2020,1,Winter
2020-01-31,19.8,14.2,67.5,0.0,Bengaluru,2020,1,Winter
2020-02-01,24.4,9.2,60.0,0.0,Bengaluru,2020,2,Winter
2020-02-02,17.0,10.9,60.0,0.0,Bengaluru,2020,2,Winter
2020-02-03,20.7,10.8,60.0,0.0,Bengaluru,2020,2,Winter
2020-02-04,17.3,9.6,60.0,0.0,Bengaluru,2020,2,Winter
2020-02-05,15.5,12.4,60.0,0.0,Bengaluru,2020,2,Winter
2020-02-06,21.1,12.4,60.0,0.0,Bengaluru,2020,2,Winter
2020-02-07,20.8,4.8,60.0,0.0,Bengaluru,2020,2,Winter
2020-02-08,20.0,13.9,60.0,0.0,Bengaluru,2020,2,Winter
2020-02-09,20.3,5.0,60.0,0.0,Bengaluru,2020,2,Winter
2020-02-10,26.7,13.1,60.0,0.0,Bengaluru,2020,2,Winter
2020-02-11,20.0,13.4,60.0,0.0,Bengaluru,2020,2,Winter
2020-02-12,21.6,6.7,60.0,0.0,Bengaluru,2020,2,Winter
2020-02-13,19.2,8.8,60.0,0.0,Bengaluru,2020,2,Winter
2020-02-14,21.1,6.7,60.0,0.0,Bengaluru,2020,2,Winter
2020-02-15,20.1,9.4,60.0,0.0,Bengaluru,2020,2,Winter
2020-02-16,19.7,9.1,60.0,0.0,Bengaluru,2020,2,Winter
2020-02-17,24.2,12.3,60.0,0.0,Bengaluru,2020,2,Winter
2020-02-18,22.9,13.9,60.0,0.0,Bengaluru,2020,2,Winter
2020-02-19,20.8,14.2,60.0,0.0,Bengaluru,2020,2,Winter
2020-02-20,15.9,8.3,60.0,0.0,Bengaluru,2020,2,Winter
2020-02-21,19.8,9.4,60.0,0.0,Bengaluru,2020,2,Winter
2020-02-22,25.9,4.9,60.0,0.0,Bengaluru,2020,2,Winter
2020-02-23,20.1,7.6,60.0,0.0,Bengaluru,2020,2,Winter
2020-02-24,22.7,12.9,60.0,0.0,Bengaluru,2020,2,Winter
2020-02-25,23.4,14.8,60.0,0.0,Bengaluru,2020,2,Winter
2020-02-26,21.0,6.3,60.0,0.0,Bengaluru,2020,2,Winter
2020-02-27,18.9,8.2,60.0,0.0,Bengaluru,2020,2,Winter
2020-02-28,15.7,9.9,60.0,0.0,Bengaluru,2020,2,Winter
2020-02-29,21.9,10.8,60.0,0.0,Bengaluru,2020,2,Winter
2020-03-01,20.4,7.6,52.5,0.0,Bengaluru,2020,3,Spring
2020-03-02,22.4,11.3,52.5,0.0,Bengaluru,2020,3,Spring
2020-03-03,19.5,8.6,52.5,0.0,Bengaluru,2020,3,Spring
2020-03-04,21.5,10.0,52.5,0.0,Bengaluru,2020,3,Spring
2020-03-05,22.1,11.6,52.5,0.0,Bengaluru,2020,3,Spring
2020-03-06,22.5,10.0,52.5,0.0,Bengaluru,2020,3,Spring
2020-03-07,19.8,8.7,52.5,0.0,Bengaluru,2020,3,Spring
2020-03-08,24.4,9.7,52.5,0.0,Bengaluru,2020,3,Spring
2020-03-09,20.8,9.7,52.5,0.0,Bengaluru,2020,3,Spring
2020-03-10,18.7,8.9,52.5,0.0,Bengaluru,2020,3,Spring
2020-03-11,21.8,9.2,52.5,0.0,Bengaluru,2020,3,Spring
2020-03-12,22.1,14.8,52.5,0.0,Bengaluru,2020,3,Spring
2020-03-13,22.3,11.7,52.5,0.0,Bengaluru,2020,3,Spring
2020-03-14,24.7,9.1,52.5,0.0,Bengaluru,2020,3,Spring
2020-03-15,21.5,12.1,52.5,0.0,Bengaluru,2020,3,Spring
2020-03-16,21.8,9.0,52.5,0.0,Bengaluru,2020,3,Spring
2020-03-17,19.8,13.5,52.5,0.0,Bengaluru,2020,3,Spring
2020-03-18,23.6,11.1,52.5,0.0,Bengaluru,2020,3,Spring
2020-03-19,22.4,9.7,52.5,0.0,Bengaluru,2020,3,Spring
2020-03-20,21.2,11.3,52.5,0.0,Bengaluru,2020,3,Spring
2020-03-21,18.2,5.3,52.5,0.0,Bengaluru,2020,3,Spring
2020-03-22,24.9,6.6,52.5,0.0,Bengaluru,2020,3,Spring
2020-03-23,19.5,6.4,52.5,0.0,Bengaluru,2020,3,Spring
2020-03-24,20.8,10.4,52.5,0.0,Bengaluru,2020,3,Spring
2020-03-25,22.7,15.2,52.5,0.0,Bengaluru,2020,3,Spring
2020-03-26,19.6,16.7,52.5,0.0,Bengaluru,2020,3,Spring
2020-03-27,19.0,11.9,52.5,0.0,Bengaluru,2020,3,Spring
2020-03-28,17.8,11.5,52.5,0.0,Bengaluru,2020,3,Spring
2020-03-29,23.4,4.6,52.5,0.0,Bengaluru,2020,3,Spring
2020-03-30,20.9,8.4,52.5,0.0,Bengaluru,2020,3,Spring
2020-03-31,27.9,7.6,52.5,0.0,Bengaluru,2020,3,Spring
2020-04-01,22.0,8.1,47.0,0.0,Bengaluru,2020,4,Spring
2020-04-02,22.2,9.5,47.0,0.0,Bengaluru,2020,4,Spring
2020-04-03,22.9,8.6,47.0,0.0,Bengaluru,2020,4,Spring
2020-04-04,24.5,4.1,47.0,0.0,Bengaluru,2020,4,Spring
2020-04-05,23.1,12.2,47.0,0.0,Bengaluru,2020,4,Spring
2020-04-06,25.2,6.8,47.0,0.0,Bengaluru,2020,4,Spring
2020-04-07,22.0,10.7,47.0,0.0,Bengaluru,2020,4,Spring
2020-04-08,21.2,16.2,47.0,0.0,Bengaluru,2020,4,Spring
2020-04-09,20.4,7.2,47.0,0.0,Bengaluru,2020,4,Spring
2020-04-10,19.6,2.4,47.0,0.0,Bengaluru,2020,4,Spring
2020-04-11,23.0,9.1,47.0,0.0,Bengaluru,2020,4,Spring
2020-04-12,23.4,13.3,47.0,0.0,Bengaluru,2020,4,Spring
2020-04-13,22.7,15.9,47.0,0.0,Bengaluru,2020,4,Spring
2020-04-14,26.5,6.3,47.0,0.0,Bengaluru,2020,4,Spring
2020-04-15,26.5,11.5,47.0,0.0,Bengaluru,2020,4,Spring
2020-04-16,23.3,8.6,47.0,0.0,Bengaluru,2020,4,Spring
2020-04-17,20.4,9.7,47.0,0.0,Bengaluru,2020,4,Spring
2020-04-18,22.9,17.9,47.0,0.0,Bengaluru,2020,4,Spring
2020-04-19,22.8,5.5,47.0,0.0,Bengaluru,2020,4,Spring
2020-04-20,22.7,10.8,47.0,0.0,Bengaluru,2020,4,Spring
2020-04-21,22.6,11.4,47.0,0.0,Bengaluru,2020,4,Spring
2020-04-22,22.7,13.3,47.0,0.0,Bengaluru,2020,4,Spring
2020-04-23,23.2,10.3,47.0,0.0,Bengaluru,2020,4,Spring
2020-04-24,22.7,10.9,47.0,0.0,Bengaluru,2020,4,Spring
2020-04-25,24.4,8.8,47.0,0.0,Bengaluru,2020,4,Spring
2020-04-26,24.7,10.8,47.0,0.0,Bengaluru,2020,4,Spring
2020-04-27,22.2,9.0,47.0,0.0,Bengaluru,2020,4,Spring
2020-04-28,26.5,11.9,47.0,0.0,Bengaluru,2020,4,Spring
2020-04-29,22.0,8.9,47.0,0.0,Bengaluru,2020,4,Spring
2020-04-30,20.8,11.1,47.0,0.0,Bengaluru,2020,4,Spring
2020-05-01,26.8,9.9,45.0,0.0,Bengaluru,2020,5,Spring
2020-05-02,24.4,13.4,45.0,0.0,Bengaluru,2020,5,Spring
2020-05-03,26.6,9.8,45.0,0.0,Bengaluru,2020,5,Spring
2020-05-04,21.2,4.7,45.0,0.0,Bengaluru,2020,5,Spring
2020-05-05,28.8,13.8,45.0,0.0,Bengaluru,2020,5,Spring
2020-05-06,27.3,7.3,45.0,0.0,Bengaluru,2020,5,Spring
2020-05-07,23.0,8.0,45.0,0.0,Bengaluru,2020,5,Spring
2020-05-08,23.0,8.2,45.0,0.0,Bengaluru,2020,5,Spring
2020-05-09,29.3,14.1,45.0,0.0,Bengaluru,2020,5,Spring
2020-05-10,24.5,3.6,45.0,0.0,Bengaluru,2020,5,Spring
2020-05-11,24.3,19.4,45.0,0.0,Bengaluru,2020,5,Spring
2020-05-12,21.5,13.2,45.0,0.0,Bengaluru,2020,5,Spring
2020-05-13,25.3,10.7,45.0,0.0,Bengaluru,2020,5,Spring
2020-05-14,25.5,9.8,45.0,0.0,Bengaluru,2020,5,Spring
2020-05-15,27.4,10.9,45.0,0.0,Bengaluru,2020,5,Spring
2020-05-16,23.2,11.6,45.0,0.0,Bengaluru,2020,5,Spring
2020-05-17,23.0,11.9,45.0,0.0,Bengaluru,2020,5,Spring
2020-05-18,26.9,11.7,45.0,0.0,Bengaluru,2020,5,Spring
2020-05-19,28.0,10.3,45.0,0.0,Bengaluru,2020,5,Spring
2020-05-20,22.9,9.4,45.0,0.0,Bengaluru,2020,5,Spring
2020-05-21,28.2,9.5,45.0,0.0,Bengaluru,2020,5,Spring
2020-05-22,26.1,9.4,45.0,0.0,Bengaluru,2020,5,Spring
2020-05-23,28.2,13.4,45.0,0.0,Bengaluru,2020,5,Spring
2020-05-24,25.9,11.8,45.0,0.0,Bengaluru,2020,5,Spring
2020-05-25,21.0,1.2,45.0,0.0,Bengaluru,2020,5,Spring
2020-05-26,25.7,12.0,45.0,0.0,Bengaluru,2020,5,Spring
2020-05-27,28.1,10.6,45.0,0.0,Bengaluru,2020,5,Spring
2020-05-28,24.2,9.9,45.0,0.0,Bengaluru,2020,5,Spring
2020-05-29,25.2,8.8,45.0,0.0,Bengaluru,2020,5,Spring
2020-05-30,25.6,13.4,45.0,0.0,Bengaluru,2020,5,Spring
2020-05-31,20.2,12.8,45.0,0.0,Bengaluru,2020,5,Spring
2020-06-01,30.8,7.7,47.0,0.8,Bengaluru,2020,6,Monsoon
2020-06-02,25.7,11.2,47.0,5.13,Bengaluru,2020,6,Monsoon
2020-06-03,28.5,7.1,47.0,1.23,Bengaluru,2020,6,Monsoon
2020-06-04,27.3,5.9,47.0,5.27,Bengaluru,2020,6,Monsoon
2020-06-05,30.0,8.1,47.0,0.0,Bengaluru,2020,6,Monsoon
2020-06-06,28.3,12.6,47.0,1.1,Bengaluru,2020,6,Monsoon
2020-06-07,27.0,12.9,47.0,0.83,Bengaluru,2020,6,Monsoon
2020-06-08,25.7,11.5,47.0,0.8,Bengaluru,2020,6,Monsoon
2020-06-09,29.1,12.2,47.0,0.21,Bengaluru,2020,6,Monsoon
2020-06-10,23.7,11.5,47.0,0.62,Bengaluru,2020,6,Monsoon
2020-06-11,28.8,8.1,47.0,2.43,Bengaluru,2020,6,Monsoon
2020-06-12,25.3,11.3,47.0,1.03,Bengaluru,2020,6,Monsoon
2020-06-13,30.0,12.4,47.0,1.62,Bengaluru,2020,6,Monsoon
2020-06-14,27.8,12.3,47.0,1.42,Bengaluru,2020,6,Monsoon
2020-06-15,28.8,13.6,47.0,6.26,Bengaluru,2020,6,Monsoon
2020-06-16,27.6,12.1,47.0,7.07,Bengaluru,2020,6,Monsoon
2020-06-17,24.0,11.1,47.0,2.04,Bengaluru,2020,6,Monsoon
2020-06-18,25.7,13.2,47.0,1.2,Bengaluru,2020,6,Monsoon
2020-06-19,28.8,9.9,47.0,0.34,Bengaluru,2020,6,Monsoon
2020-06-20,27.8,7.4,47.0,9.2,Bengaluru,2020,6,Monsoon
2020-06-21,29.8,9.5,47.0,0.19,Bengaluru,2020,6,Monsoon
2020-06-22,28.3,7.8,47.0,1.06,Bengaluru,2020,6,Monsoon
2020-06-23,25.5,8.0,47.0,1.06,Bengaluru,2020,6,Monsoon
2020-06-24,25.9,9.6,47.0,1.16,Bengaluru,2020,6,Monsoon
2020-06-25,27.7,7.6,47.0,0.54,Bengaluru,2020,6,Monsoon
2020-06-26,22.8,9.1,47.0,4.59,Bengaluru,2020,6,Monsoon
2020-06-27,30.8,4.3,47.0,0.39,Bengaluru,2020,6,Monsoon
2020-06-28,28.3,10.6,47.0,3.02,Bengaluru,2020,6,Monsoon
2020-06-29,29.9,10.0,47.0,0.4,Bengaluru,2020,6,Monsoon
2020-06-30,24.3,7.5,47.0,0.22,Bengaluru,2020,6,Monsoon
2020-07-01,30.5,12.0,52.5,7.2,Bengaluru,2020,7,Monsoon
2020-07-02,32.5,12.8,52.5,0.63,Bengaluru,2020,7,Monsoon
2020-07-03,25.4,5.2,52.5,5.17,Bengaluru,2020,7,Monsoon
2020-07-04,29.5,7.7,52.5,2.36,Bengaluru,2020,7,Monsoon
2020-07-05,28.0,7.7,52.5,0.24,Bengaluru,2020,7,Monsoon
2020-07-06,24.9,7.2,52.5,9.33,Bengaluru,2020,7,Monsoon
2020-07-07,29.0,12.5,52.5,0.85,Bengaluru,2020,7,Monsoon
2020-07-08,29.7,9.4,52.5,5.89,Bengaluru,2020,7,Monsoon
2020-07-09,26.8,9.2,52.5,0.55,Bengaluru,2020,7,Monsoon
2020-07-10,30.3,4.0,52.5,5.77,Bengaluru,2020,7,Monsoon
2020-07-11,24.7,11.9,52.5,0.04,Bengaluru,2020,7,Monsoon
2020-07-12,25.0,6.3,52.5,2.15,Bengaluru,2020,7,Monsoon
2020-07-13,28.3,10.2,52.5,4.4,Bengaluru,2020,7,Monsoon
2020-07-14,28.1,10.8,52.5,8.19,Bengaluru,2020,7,Monsoon
2020-07-15,26.6,14.1,52.5,7.2,Bengaluru,2020,7,Monsoon
2020-07-16,29.6,6.1,52.5,5.14,Bengaluru,2020,7,Monsoon
2020-07-17,29.1,0.9,52.5,6.57,Bengaluru,2020,7,Monsoon
2020-07-18,29.7,10.6,52.5,0.67,Bengaluru,2020,7,Monsoon
2020-07-19,27.8,15.4,52.5,1.0,Bengaluru,2020,7,Monsoon
2020-07-20,29.2,13.7,52.5,1.02,Bengaluru,2020,7,Monsoon
2020-07-21,27.1,10.6,52.5,1.42,Bengaluru,2020,7,Monsoon
2020-07-22,32.1,8.5,52.5,1.5,Bengaluru,2020,7,Monsoon
2020-07-23,26.4,12.4,52.5,2.36,Bengaluru,2020,7,Monsoon
2020-07-24,32.2,7.1,52.5,0.52,Bengaluru,2020,7,Monsoon
2020-07-25,28.1,11.4,52.5,3.53,Bengaluru,2020,7,Monsoon
2020-07-26,25.2,11.5,52.5,0.55,Bengaluru,2020,7,Monsoon
2020-07-27,30.7,13.2,52.5,1.11,Bengaluru,2020,7,Monsoon
2020-07-28,28.3,18.3,52.5,2.1,Bengaluru,2020,7,Monsoon
2020-07-29,29.7,11.2,52.5,4.78,Bengaluru,2020,7,Monsoon
2020-07-30,30.4,8.5,52.5,4.04,Bengaluru,2020,7,Monsoon
2020-07-31,28.7,9.9,52.5,3.11,Bengaluru,2020,7,Monsoon
2020-08-01,26.3,4.7,60.0,0.51,Bengaluru,2020,8,Monsoon
2020-08-02,29.4,7.9,60.0,2.38,Bengaluru,2020,8,Monsoon
2020-08-03,27.5,8.8,60.0,0.27,Bengaluru,2020,8,Monsoon
2020-08-04,28.8,8.4,60.0,1.42,Bengaluru,2020,8,Monsoon
2020-08-05,23.2,10.5,60.0,1.6,Bengaluru,2020,8,Monsoon
2020-08-06,28.4,7.5,60.0,0.12,Bengaluru,2020,8,Monsoon
2020-08-07,26.2,13.4,60.0,0.96,Bengaluru,2020,8,Monsoon
2020-08-08,30.8,10.0,60.0,9.35,Bengaluru,2020,8,Monsoon
2020-08-09,28.7,10.0,60.0,9.21,Bengaluru,2020,8,Monsoon
2020-08-10,27.9,9.0,60.0,1.3,Bengaluru,2020,8,Monsoon
2020-08-11,28.4,10.5,60.0,0.13,Bengaluru,2020,8,Monsoon
2020-08-12,25.5,12.5,60.0,0.59,Bengaluru,2020,8,Monsoon
2020-08-13,30.7,7.4,60.0,1.49,Bengaluru,2020,8,Monsoon
2020-08-14,31.4,8.0,60.0,8.86,Bengaluru,2020,8,Monsoon
2020-08-15,28.2,9.1,60.0,0.46,Bengaluru,2020,8,Monsoon
2020-08-16,30.6,6.0,60.0,4.33,Bengaluru,2020,8,Monsoon
2020-08-17,26.3,7.5,60.0,0.35,Bengaluru,2020,8,Monsoon
2020-08-18,25.9,8.6,60.0,11.93,Bengaluru,2020,8,Monsoon
2020-08-19,27.5,12.6,60.0,1.44,Bengaluru,2020,8,Monsoon
2020-08-20,28.3,10.8,60.0,4.48,Bengaluru,2020,8,Monsoon
2020-08-21,26.7,10.6,60.0,1.26,Bengaluru,2020,8,Monsoon
2020-08-22,28.5,12.6,60.0,2.96,Bengaluru,2020,8,Monsoon
2020-08-23,28.1,9.6,60.0,0.64,Bengaluru,2020,8,Monsoon
2020-08-24,25.5,11.2,60.0,0.47,Bengaluru,2020,8,Monsoon
2020-08-25,28.5,9.7,60.0,8.34,Bengaluru,2020,8,Monsoon
2020-08-26,29.2,10.8,60.0,7.49,Bengaluru,2020,8,Monsoon
2020-08-27,27.8,8.3,60.0,6.55,Bengaluru,2020,8,Monsoon
2020-08-28,29.8,2.7,60.0,2.95,Bengaluru,2020,8,Monsoon
2020-08-29,25.0,9.6,60.0,4.95,Bengaluru,2020,8,Monsoon
2020-08-30,28.4,14.3,60.0,0.21,Bengaluru,2020,8,Monsoon
2020-08-31,25.1,12.8,60.0,1.22,Bengaluru,2020,8,Monsoon
2020-09-01,23.8,12.9,67.5,1.13,Bengaluru,2020,9,Monsoon
2020-09-02,24.7,13.7,67.5,3.03,Bengaluru,2020,9,Monsoon
2020-09-03,24.1,10.3,67.5,1.32,Bengaluru,2020,9,Monsoon
2020-09-04,24.9,10.6,67.5,0.48,Bengaluru,2020,9,Monsoon
2020-09-05,25.6,8.1,67.5,2.72,Bengaluru,2020,9,Monsoon
2020-09-06,27.7,9.1,67.5,5.05,Bengaluru,2020,9,Monsoon
2020-09-07,25.4,11.8,67.5,1.44,Bengaluru,2020,9,Monsoon
2020-09-08,22.8,13.6,67.5,0.43,Bengaluru,2020,9,Monsoon
2020-09-09,28.3,9.6,67.5,0.66,Bengaluru,2020,9,Monsoon
2020-09-10,24.3,8.6,67.5,0.81,Bengaluru,2020,9,Monsoon
2020-09-11,25.9,10.0,67.5,1.07,Bengaluru,2020,9,Monsoon
2020-09-12,26.9,11.8,67.5,3.09,Bengaluru,2020,9,Monsoon
2020-09-13,26.4,5.7,67.5,2.76,Bengaluru,2020,9,Monsoon
2020-09-14,28.2,3.1,67.5,3.57,Bengaluru,2020,9,Monsoon
2020-09-15,27.0,8.3,67.5,1.35,Bengaluru,2020,9,Monsoon
2020-09-16,24.3,6.3,67.5,5.21,Bengaluru,2020,9,Monsoon
2020-09-17,30.4,8.5,67.5,0.68,Bengaluru,2020,9,Monsoon
2020-09-18,26.4,9.6,67.5,1.9,Bengaluru,2020,9,Monsoon
2020-09-19,25.7,8.6,67.5,4.84,Bengaluru,2020,9,Monsoon
2020-09-20,27.9,14.4,67.5,0.6,Bengaluru,2020,9,Monsoon
2020-09-21,26.5,11.0,67.5,0.35,Bengaluru,2020,9,Monsoon
2020-09-22,26.8,10.9,67.5,6.45,Bengaluru,2020,9,Monsoon
2020-09-23,31.0,11.9,67.5,1.26,Bengaluru,2020,9,Monsoon
2020-09-24,25.4,6.6,67.5,3.45,Bengaluru,2020,9,Monsoon
2020-09-25,25.4,13.1,67.5,0.08,Bengaluru,2020,9,Monsoon
2020-09-26,26.2,9.8,67.5,3.51,Bengaluru,2020,9,Monsoon
2020-09-27,28.1,12.0,67.5,1.14,Bengaluru,2020,9,Monsoon
2020-09-28,23.0,6.8,67.5,0.17,Bengaluru,2020,9,Monsoon
2020-09-29,22.1,5.3,67.5,2.82,Bengaluru,2020,9,Monsoon
2020-09-30,24.8,12.5,67.5,0.83,Bengaluru,2020,9,Monsoon
2020-10-01,20.7,11.1,73.0,1.47,Bengaluru,2020,10,Post-Monsoon
2020-10-02,23.2,7.3,73.0,0.25,Bengaluru,2020,10,Post-Monsoon
2020-10-03,25.0,7.4,73.0,0.48,Bengaluru,2020,10,Post-Monsoon
2020-10-04,22.2,13.4,73.0,1.06,Bengaluru,2020,10,Post-Monsoon
2020-10-05,21.1,6.4,73.0,0.28,Bengaluru,2020,10,Post-Monsoon
2020-10-06,24.1,14.9,73.0,7.25,Bengaluru,2020,10,Post-Monsoon
2020-10-07,25.7,7.3,73.0,0.02,Bengaluru,2020,10,Post-Monsoon
2020-10-08,20.6,11.9,73.0,1.98,Bengaluru,2020,10,Post-Monsoon
2020-10-09,25.6,9.0,73.0,0.39,Bengaluru,2020,10,Post-Monsoon
2020-10-10,25.6,11.8,73.0,1.1,Bengaluru,2020,10,Post-Monsoon
2020-10-11,25.9,8.4,73.0,7.81,Bengaluru,2020,10,Post-Monsoon
2020-10-12,26.4,9.5,73.0,0.53,Bengaluru,2020,10,Post-Monsoon
2020-10-13,28.4,10.1,73.0,10.13,Bengaluru,2020,10,Post-Monsoon
2020-10-14,23.3,7.0,73.0,0.69,Bengaluru,2020,10,Post-Monsoon
2020-10-15,24.2,12.2,73.0,4.06,Bengaluru,2020,10,Post-Monsoon
2020-10-16,23.2,8.5,73.0,2.37,Bengaluru,2020,10,Post-Monsoon
2020-10-17,24.0,9.3,73.0,6.47,Bengaluru,2020,10,Post-Monsoon
2020-10-18,27.1,7.0,73.0,2.42,Bengaluru,2020,10,Post-Monsoon
2020-10-19,21.3,2.3,73.0,2.29,Bengaluru,2020,10,Post-Monsoon
2020-10-20,22.3,9.4,73.0,0.65,Bengaluru,2020,10,Post-Monsoon
2020-10-21,26.8,17.2,73.0,0.55,Bengaluru,2020,10,Post-Monsoon
2020-10-22,26.0,12.4,73.0,7.45,Bengaluru,2020,10,Post-Monsoon
2020-10-23,23.3,9.9,73.0,1.19,Bengaluru,2020,10,Post-Monsoon
2020-10-24,25.7,9.2,73.0,1.4,Bengaluru,2020,10,Post-Monsoon
2020-10-25,24.7,10.1,73.0,4.28,Bengaluru,2020,10,Post-Monsoon
2020-10-26,27.0,11.6,73.0,1.24,Bengaluru,2020,10,Post-Monsoon
2020-10-27,24.1,6.5,73.0,9.11,Bengaluru,2020,10,Post-Monsoon
2020-10-28,26.1,13.3,73.0,4.02,Bengaluru,2020,10,Post-Monsoon
2020-10-29,29.3,12.1,73.0,2.73,Bengaluru,2020,10,Post-Monsoon
2020-10-30,25.2,12.2,73.0,6.38,Bengaluru,2020,10,Post-Monsoon
2020-10-31,24.1,11.3,73.0,0.15,Bengaluru,2020,10,Post-Monsoon
2020-11-01,23.4,10.1,75.0,0.89,Bengaluru,2020,11,Post-Monsoon
2020-11-02,21.3,12.0,75.0,1.88,Bengaluru,2020,11,Post-Monsoon
2020-11-03,26.8,11.8,75.0,0.77,Bengaluru,2020,11,Post-Monsoon
2020-11-04,22.4,8.9,75.0,4.09,Bengaluru,2020,11,Post-Monsoon
2020-11-05,21.5,8.3,75.0,7.55,Bengaluru,2020,11,Post-Monsoon
2020-11-06,20.3,10.3,75.0,1.65,Bengaluru,2020,11,Post-Monsoon
2020-11-07,24.2,14.6,75.0,1.26,Bengaluru,2020,11,Post-Monsoon
2020-11-08,23.7,6.3,75.0,9.78,Bengaluru,2020,11,Post-Monsoon
2020-11-09,21.0,5.6,75.0,1.77,Bengaluru,2020,11,Post-Monsoon
2020-11-10,23.2,10.5,75.0,2.01,Bengaluru,2020,11,Post-Monsoon
2020-11-11,19.0,10.2,75.0,1.3,Bengaluru,2020,11,Post-Monsoon
2020-11-12,22.4,10.5,75.0,7.21,Bengaluru,2020,11,Post-Monsoon
2020-11-13,22.9,10.7,75.0,2.52,Bengaluru,2020,11,Post-Monsoon
2020-11-14,25.4,9.3,75.0,4.31,Bengaluru,2020,11,Post-Monsoon
2020-11-15,20.5,14.5,75.0,5.01,Bengaluru,2020,11,Post-Monsoon
2020-11-16,19.4,5.2,75.0,1.25,Bengaluru,2020,11,Post-Monsoon
2020-11-17,20.2,7.5,75.0,1.71,Bengaluru,2020,11,Post-Monsoon
2020-11-18,19.3,9.7,75.0,5.66,Bengaluru,2020,11,Post-Monsoon
2020-11-19,24.7,5.1,75.0,1.35,Bengaluru,2020,11,Post-Monsoon
2020-11-20,25.1,9.5,75.0,4.74,Bengaluru,2020,11,Post-Monsoon
2020-11-21,22.6,15.0,75.0,8.49,Bengaluru,2020,11,Post-Monsoon
2020-11-22,24.4,10.1,75.0,2.93,Bengaluru,2020,11,Post-Monsoon
2020-11-23,22.3,10.7,75.0,4.06,Bengaluru,2020,11,Post-Monsoon
2020-11-24,21.8,6.2,75.0,4.91,Bengaluru,2020,11,Post-Monsoon
2020-11-25,21.3,8.2,75.0,5.59,Bengaluru,2020,11,Post-Monsoon
2020-11-26,21.4,8.9,75.0,1.51,Bengaluru,2020,11,Post-Monsoon
2020-11-27,18.9,9.0,75.0,0.16,Bengaluru,2020,11,Post-Monsoon
2020-11-28,22.5,13.8,75.0,1.54,Bengaluru,2020,11,Post-Monsoon
2020-11-29,21.9,11.7,75.0,3.36,Bengaluru,2020,11,Post-Monsoon
2020-11-30,23.5,6.7,75.0,1.8,Bengaluru,2020,11,Post-Monsoon
2020-12-01,20.7,10.7,73.0,0.0,Bengaluru,2020,12,Winter
2020-12-02,20.2,11.5,73.0,0.0,Bengaluru,2020,12,Winter
2020-12-03,18.8,13.4,73.0,0.0,Bengaluru,2020,12,Winter
2020-12-04,20.7,14.7,73.0,0.0,Bengaluru,2020,12,Winter
2020-12-05,22.0,7.0,73.0,0.0,Bengaluru,2020,12,Winter
2020-12-06,18.2,7.6,73.0,0.0,Bengaluru,2020,12,Winter
2020-12-07,20.7,6.2,73.0,0.0,Bengaluru,2020,12,Winter
2020-12-08,21.0,9.3,73.0,0.0,Bengaluru,2020,12,Winter
2020-12-09,19.1,11.4,73.0,0.0,Bengaluru,2020,12,Winter
2020-12-10,19.4,13.0,73.0,0.0,Bengaluru,2020,12,Winter
2020-12-11,21.0,9.8,73.0,0.0,Bengaluru,2020,12,Winter
2020-12-12,18.3,9.0,73.0,0.0,Bengaluru,2020,12,Winter
2020-12-13,21.2,10.5,73.0,0.0,Bengaluru,2020,12,Winter
2020-12-14,18.7,7.5,73.0,0.0,Bengaluru,2020,12,Winter
2020-12-15,22.7,16.3,73.0,0.0,Bengaluru,2020,12,Winter
2020-12-16,25.2,5.2,73.0,0.0,Bengaluru,2020,12,Winter
2020-12-17,18.8,10.6,73.0,0.0,Bengaluru,2020,12,Winter
2020-12-18,21.6,16.1,73.0,0.0,Bengaluru,2020,12,Winter
2020-12-19,19.1,10.0,73.0,0.0,Bengaluru,2020,12,Winter
2020-12-20,22.6,9.4,73.0,0.0,Bengaluru,2020,12,Winter
2020-12-21,18.0,8.9,73.0,0.0,Bengaluru,2020,12,Winter
2020-12-22,21.5,9.5,73.0,0.0,Bengaluru,2020,12,Winter
2020-12-23,18.8,14.1,73.0,0.0,Bengaluru,2020,12,Winter
2020-12-24,20.1,3.4,73.0,0.0,Bengaluru,2020,12,Winter
2020-12-25,18.5,14.6,73.0,0.0,Bengaluru,2020,12,Winter
2020-12-26,22.2,5.7,73.0,0.0,Bengaluru,2020,12,Winter
2020-12-27,18.9,9.2,73.0,0.0,Bengaluru,2020,12,Winter
2020-12-28,21.6,8.7,73.0,0.0,Bengaluru,2020,12,Winter
2020-12-29,19.8,11.8,73.0,0.0,Bengaluru,2020,12,Winter
2020-12-30,20.3,5.2,73.0,0.0,Bengaluru,2020,12,Winter
2020-12-31,20.8,11.4,73.0,0.0,Bengaluru,2020,12,Winter
